grc,ἤ,,Ἠ,C-----------n
grc,ἤ,,ἠ,C-----------n
grc,ἤ,,Ἠ,Df----------n
grc,ἤ,,ἠ,Df----------n
grc,ὦ,,Ὠ,I-----------n
grc,ὦ,,ὠ,I-----------n
grc,ὁ,,Ἡ,Pp3s---fn---i
grc,ὁ,,ἡ,Pp3s---fn---i
grc,ὁ,,Ὁ,Pp3s---mn---i
grc,ὁ,,ὁ,Pp3s---mn---i
grc,ὁ,,Ἡ,S--s---fn---i
grc,ὁ,,ἡ,S--s---fn---i
grc,ὁ,,Ὁ,S--s---mn---i
grc,ὁ,,ὁ,S--s---mn---i
grc,ὁ,,Αἱ,S--p---fn---i
grc,ὁ,,αἱ,S--p---fn---i
grc,ἔα,,Ἐα,I-----------n
grc,ἔα,,ἐα,I-----------n
grc,ῥαββί,,Ῥαββει,Nb----------n
grc,ῥαββί,,ῥαββει,Nb----------n
grc,ῥαββί,,Ῥαββι,Nb----------n
grc,ῥαββί,,ῥαββι,Nb----------n
grc,ῥαββουνί,,Ῥαββουνι,Nb----------n
grc,ῥαββουνί,,ῥαββουνι,Nb----------n
grc,ῥακά,,Ῥακα,F-----------n
grc,ῥακά,,ῥακα,F-----------n
grc,Ἰακώβ,,Ἰακωβ,Ne----------n
grc,ἐάν,,Ἐαν,G-----------n
grc,ἐάν,,ἐαν,G-----------n
grc,ἐάν,,Ἐανπερ,G-----------n
grc,ἐάν,,ἐανπερ,G-----------n
grc,αὔριον,,Αὐριον,Df----------n
grc,αὔριον,,αὐριον,Df----------n
grc,αἰσχροκερδῶς,,Αἰσχροκερδως,Df-------p--i
grc,αἰσχροκερδῶς,,αἰσχροκερδως,Df-------p--i
grc,αὐτοῦ,,Αὐτου,Df----------n
grc,αὐτοῦ,,αὐτου,Df----------n
grc,αὐτός,,Αὐτῃ,Pp3s---fd---i
grc,αὐτός,,αὐτῃ,Pp3s---fd---i
grc,αὐτός,,Αὐτῳ,Pp3s---md---i
grc,αὐτός,,αὐτῳ,Pp3s---md---i
grc,αὐτός,,Αὐτῳ,Pp3s---nd---i
grc,αὐτός,,αὐτῳ,Pp3s---nd---i
grc,αὐτός,,Αὐτα,Pp3p---na---i
grc,αὐτός,,αὐτα,Pp3p---na---i
grc,αὐτός,,Αὐτα,Pp3p---nn---i
grc,αὐτός,,αὐτα,Pp3p---nn---i
grc,αὐτός,,Αὐται,Pp3p---fn---i
grc,αὐτός,,αὐται,Pp3p---fn---i
grc,αὐτός,,Αὐταις,Pp3p---fd---i
grc,αὐτός,,αὐταις,Pp3p---fd---i
grc,αὐτός,,Αὐτας,Pp3p---fa---i
grc,αὐτός,,αὐτας,Pp3p---fa---i
grc,αὐτός,,Αὐτη,Pp3s---fn---i
grc,αὐτός,,αὐτη,Pp3s---fn---i
grc,αὐτός,,Αὐτην,Pp3s---fa---i
grc,αὐτός,,αὐτην,Pp3s---fa---i
grc,αὐτός,,Αὐτης,Pp3s---fg---i
grc,αὐτός,,αὐτης,Pp3s---fg---i
grc,αὐτός,,Αὐτο,Pp3s---na---i
grc,αὐτός,,αὐτο,Pp3s---na---i
grc,αὐτός,,Αὐτο,Pp3s---nn---i
grc,αὐτός,,αὐτο,Pp3s---nn---i
grc,αὐτός,,Αὐτοι,Pp3p---mn---i
grc,αὐτός,,αὐτοι,Pp3p---mn---i
grc,αὐτός,,Αὐτοις,Pp3p---md---i
grc,αὐτός,,αὐτοις,Pp3p---md---i
grc,αὐτός,,Αὐτοις,Pp3p---nd---i
grc,αὐτός,,αὐτοις,Pp3p---nd---i
grc,αὐτός,,Αὐτον,Pp3s---ma---i
grc,αὐτός,,αὐτον,Pp3s---ma---i
grc,αὐτός,,Αὐτος,Pp3s---mn---i
grc,αὐτός,,αὐτος,Pp3s---mn---i
grc,αὐτός,,Αὐτου,Pp3s---mg---i
grc,αὐτός,,αὐτου,Pp3s---mg---i
grc,αὐτός,,Αὐτου,Pp3s---ng---i
grc,αὐτός,,αὐτου,Pp3s---ng---i
grc,αὐτός,,Αὐτους,Pp3p---ma---i
grc,αὐτός,,αὐτους,Pp3p---ma---i
grc,αὐτός,,Αὐτων,Pp3p---fg---i
grc,αὐτός,,αὐτων,Pp3p---fg---i
grc,αὐτός,,Αὐτων,Pp3p---mg---i
grc,αὐτός,,αὐτων,Pp3p---mg---i
grc,αὐτός,,Αὐτων,Pp3p---ng---i
grc,αὐτός,,αὐτων,Pp3p---ng---i
grc,αὐτόφωρος,,Αὐτοφωρος,Df-------p--i
grc,αὐτόφωρος,,αὐτοφωρος,Df-------p--i
grc,ἑαυτοῦ,,Ἑαυτῃ,Pk1s---fd---i
grc,ἑαυτοῦ,,ἑαυτῃ,Pk1s---fd---i
grc,ἑαυτοῦ,,Ἑαυτῳ,Pk1s---md---i
grc,ἑαυτοῦ,,ἑαυτῳ,Pk1s---md---i
grc,ἑαυτοῦ,,Ἑαυτῳ,Pk1s---nd---i
grc,ἑαυτοῦ,,ἑαυτῳ,Pk1s---nd---i
grc,ἑαυτοῦ,,Ἑαυτῃ,Pk2s---fd---i
grc,ἑαυτοῦ,,ἑαυτῃ,Pk2s---fd---i
grc,ἑαυτοῦ,,Ἑαυτῳ,Pk2s---md---i
grc,ἑαυτοῦ,,ἑαυτῳ,Pk2s---md---i
grc,ἑαυτοῦ,,Ἑαυτῳ,Pk2s---nd---i
grc,ἑαυτοῦ,,ἑαυτῳ,Pk2s---nd---i
grc,ἑαυτοῦ,,Ἑαυτῃ,Pk3s---fd---i
grc,ἑαυτοῦ,,ἑαυτῃ,Pk3s---fd---i
grc,ἑαυτοῦ,,Ἑαυτῳ,Pk3s---md---i
grc,ἑαυτοῦ,,ἑαυτῳ,Pk3s---md---i
grc,ἑαυτοῦ,,Ἑαυτῳ,Pk3s---nd---i
grc,ἑαυτοῦ,,ἑαυτῳ,Pk3s---nd---i
grc,ἑαυτοῦ,,Ἑαυτα,Pk1p---na---i
grc,ἑαυτοῦ,,ἑαυτα,Pk1p---na---i
grc,ἑαυτοῦ,,Ἑαυτα,Pk2p---na---i
grc,ἑαυτοῦ,,ἑαυτα,Pk2p---na---i
grc,ἑαυτοῦ,,Ἑαυτα,Pk3p---na---i
grc,ἑαυτοῦ,,ἑαυτα,Pk3p---na---i
grc,ἑαυτοῦ,,Ἑαυταις,Pk1p---fd---i
grc,ἑαυτοῦ,,ἑαυταις,Pk1p---fd---i
grc,ἑαυτοῦ,,Ἑαυταις,Pk2p---fd---i
grc,ἑαυτοῦ,,ἑαυταις,Pk2p---fd---i
grc,ἑαυτοῦ,,Ἑαυταις,Pk3p---fd---i
grc,ἑαυτοῦ,,ἑαυταις,Pk3p---fd---i
grc,ἑαυτοῦ,,Ἑαυτας,Pk1p---fa---i
grc,ἑαυτοῦ,,ἑαυτας,Pk1p---fa---i
grc,ἑαυτοῦ,,Ἑαυτας,Pk2p---fa---i
grc,ἑαυτοῦ,,ἑαυτας,Pk2p---fa---i
grc,ἑαυτοῦ,,Ἑαυτας,Pk3p---fa---i
grc,ἑαυτοῦ,,ἑαυτας,Pk3p---fa---i
grc,ἑαυτοῦ,,Ἑαυτην,Pk1s---fa---i
grc,ἑαυτοῦ,,ἑαυτην,Pk1s---fa---i
grc,ἑαυτοῦ,,Ἑαυτην,Pk2s---fa---i
grc,ἑαυτοῦ,,ἑαυτην,Pk2s---fa---i
grc,ἑαυτοῦ,,Ἑαυτην,Pk3s---fa---i
grc,ἑαυτοῦ,,ἑαυτην,Pk3s---fa---i
grc,ἑαυτοῦ,,Ἑαυτης,Pk1s---fg---i
grc,ἑαυτοῦ,,ἑαυτης,Pk1s---fg---i
grc,ἑαυτοῦ,,Ἑαυτης,Pk2s---fg---i
grc,ἑαυτοῦ,,ἑαυτης,Pk2s---fg---i
grc,ἑαυτοῦ,,Ἑαυτης,Pk3s---fg---i
grc,ἑαυτοῦ,,ἑαυτης,Pk3s---fg---i
grc,ἑαυτοῦ,,Ἑαυτοις,Pk1p---md---i
grc,ἑαυτοῦ,,ἑαυτοις,Pk1p---md---i
grc,ἑαυτοῦ,,Ἑαυτοις,Pk1p---md---i
grc,ἑαυτοῦ,,ἑαυτοις,Pk1p---md---i
grc,ἑαυτοῦ,,Ἑαυτοις,Pk2p---md---i
grc,ἑαυτοῦ,,ἑαυτοις,Pk2p---md---i
grc,ἑαυτοῦ,,Ἑαυτοις,Pk2p---md---i
grc,ἑαυτοῦ,,ἑαυτοις,Pk2p---md---i
grc,ἑαυτοῦ,,Ἑαυτοις,Pk3p---md---i
grc,ἑαυτοῦ,,ἑαυτοις,Pk3p---md---i
grc,ἑαυτοῦ,,Ἑαυτοις,Pk3p---md---i
grc,ἑαυτοῦ,,ἑαυτοις,Pk3p---md---i
grc,ἑαυτοῦ,,Ἑαυτον,Pk1s---ma---i
grc,ἑαυτοῦ,,ἑαυτον,Pk1s---ma---i
grc,ἑαυτοῦ,,Ἑαυτον,Pk1s---na---i
grc,ἑαυτοῦ,,ἑαυτον,Pk1s---na---i
grc,ἑαυτοῦ,,Ἑαυτον,Pk2s---ma---i
grc,ἑαυτοῦ,,ἑαυτον,Pk2s---ma---i
grc,ἑαυτοῦ,,Ἑαυτον,Pk2s---na---i
grc,ἑαυτοῦ,,ἑαυτον,Pk2s---na---i
grc,ἑαυτοῦ,,Ἑαυτον,Pk3s---ma---i
grc,ἑαυτοῦ,,ἑαυτον,Pk3s---ma---i
grc,ἑαυτοῦ,,Ἑαυτον,Pk3s---na---i
grc,ἑαυτοῦ,,ἑαυτον,Pk3s---na---i
grc,ἑαυτοῦ,,Ἑαυτου,Pk1s---mg---i
grc,ἑαυτοῦ,,ἑαυτου,Pk1s---mg---i
grc,ἑαυτοῦ,,Ἑαυτου,Pk1s---ng---i
grc,ἑαυτοῦ,,ἑαυτου,Pk1s---ng---i
grc,ἑαυτοῦ,,Ἑαυτου,Pk2s---mg---i
grc,ἑαυτοῦ,,ἑαυτου,Pk2s---mg---i
grc,ἑαυτοῦ,,Ἑαυτου,Pk2s---ng---i
grc,ἑαυτοῦ,,ἑαυτου,Pk2s---ng---i
grc,ἑαυτοῦ,,Ἑαυτου,Pk3s---mg---i
grc,ἑαυτοῦ,,ἑαυτου,Pk3s---mg---i
grc,ἑαυτοῦ,,Ἑαυτου,Pk3s---ng---i
grc,ἑαυτοῦ,,ἑαυτου,Pk3s---ng---i
grc,ἑαυτοῦ,,Ἑαυτους,Pk1p---ma---i
grc,ἑαυτοῦ,,ἑαυτους,Pk1p---ma---i
grc,ἑαυτοῦ,,Ἑαυτους,Pk2p---ma---i
grc,ἑαυτοῦ,,ἑαυτους,Pk2p---ma---i
grc,ἑαυτοῦ,,Ἑαυτους,Pk3p---ma---i
grc,ἑαυτοῦ,,ἑαυτους,Pk3p---ma---i
grc,ἑαυτοῦ,,Ἑαυτων,Pk1p---fg---i
grc,ἑαυτοῦ,,ἑαυτων,Pk1p---fg---i
grc,ἑαυτοῦ,,Ἑαυτων,Pk1p---mg---i
grc,ἑαυτοῦ,,ἑαυτων,Pk1p---mg---i
grc,ἑαυτοῦ,,Ἑαυτων,Pk1p---ng---i
grc,ἑαυτοῦ,,ἑαυτων,Pk1p---ng---i
grc,ἑαυτοῦ,,Ἑαυτων,Pk2p---fg---i
grc,ἑαυτοῦ,,ἑαυτων,Pk2p---fg---i
grc,ἑαυτοῦ,,Ἑαυτων,Pk2p---mg---i
grc,ἑαυτοῦ,,ἑαυτων,Pk2p---mg---i
grc,ἑαυτοῦ,,Ἑαυτων,Pk2p---ng---i
grc,ἑαυτοῦ,,ἑαυτων,Pk2p---ng---i
grc,ἑαυτοῦ,,Ἑαυτων,Pk3p---fg---i
grc,ἑαυτοῦ,,ἑαυτων,Pk3p---fg---i
grc,ἑαυτοῦ,,Ἑαυτων,Pk3p---mg---i
grc,ἑαυτοῦ,,ἑαυτων,Pk3p---mg---i
grc,ἑαυτοῦ,,Ἑαυτων,Pk3p---ng---i
grc,ἑαυτοῦ,,ἑαυτων,Pk3p---ng---i
grc,βαρέως,,Βαρεως,Df-------p--i
grc,βαρέως,,βαρεως,Df-------p--i
grc,Ἀββᾶ,,Ἀββα,Ne----------n
grc,Ἀββᾶ,,ἀββα,Ne----------n
grc,ἑβδομήκοντα,,Ἑβδομηκοντα,Ma----------n
grc,ἑβδομήκοντα,,ἑβδομηκοντα,Ma----------n
grc,ἑβδομηκοντάκις,,Ἑβδομηκοντακις,Df----------n
grc,ἑβδομηκοντάκις,,ἑβδομηκοντακις,Df----------n
grc,Βεελζεβούλ,,Βεελζεβουλ,Ne----------n
grc,βελτίων,,Βελτιων,Df-------c--i
grc,βελτίων,,βελτιων,Df-------c--i
grc,Βηθσαϊδά,,Βηθσαϊδαν,Ne----------n
grc,Ἀβιαθάρ,,Ἀβιαθαρ,Ne----------n
grc,Βοανηργές,,Βοανηργες,Ne----------n
grc,Ἀβραάμ,,Ἀβρααμ,Ne----------n
grc,ἑβραϊστί,,Ἑβραϊστι,Df-------p--i
grc,ἑβραϊστί,,ἑβραϊστι,Df-------p--i
grc,γάρ,,Γαρ,Df----------n
grc,γάρ,,γαρ,Df----------n
grc,ἐγγύς,,Ἐγγυς,Df----------n
grc,ἐγγύς,,ἐγγυς,Df----------n
grc,ἐγγύς,,Ἐγγυς,Df-------p--i
grc,ἐγγύς,,ἐγγυς,Df-------p--i
grc,ἐγγύς,,Ἐγγυς,R-----------n
grc,ἐγγύς,,ἐγγυς,R-----------n
grc,ἐγγύς,,Ἐγγυτερον,Df-------c--i
grc,ἐγγύς,,ἐγγυτερον,Df-------c--i
grc,ὀγδοήκοντα,,Ὀγδοηκοντα,Ma----------n
grc,ὀγδοήκοντα,,ὀγδοηκοντα,Ma----------n
grc,ὀγδοήκοντα τεσσάρων,,Ὀγδοηκοντα τεσσάρων,Ma----------n
grc,ὀγδοήκοντα τεσσάρων,,ὀγδοηκοντα τεσσάρων,Ma----------n
grc,γε,,Γε,Df----------n
grc,γε,,Γε,Df----------n
grc,γε,,γε,Df----------n
grc,γε,,γε,Df----------n
grc,Γεθσημανῆ,,Γεθσημανει,Ne----------n
grc,Γεννησαρέτ,,Γεννησαρετ,Ne----------n
grc,γνησίως,,Γνησιως,Df-------p--i
grc,γνησίως,,γνησιως,Df-------p--i
grc,ἁγνῶς,,Ἁγνως,Df-------p--i
grc,ἁγνῶς,,ἁγνως,Df-------p--i
grc,ἐγώ,,Ἐγω,Pp1s---fn---i
grc,ἐγώ,,ἐγω,Pp1s---fn---i
grc,ἐγώ,,Ἐγω,Pp1s---mn---i
grc,ἐγώ,,ἐγω,Pp1s---mn---i
grc,ἐγώ,,Με,Pp1s---fa---i
grc,ἐγώ,,Με,Pp1s---fa---i
grc,ἐγώ,,Ἐμε,Pp1s---fa---i
grc,ἐγώ,,ἐμε,Pp1s---fa---i
grc,ἐγώ,,με,Pp1s---fa---i
grc,ἐγώ,,με,Pp1s---fa---i
grc,ἐγώ,,Με,Pp1s---ma---i
grc,ἐγώ,,Με,Pp1s---ma---i
grc,ἐγώ,,Ἐμε,Pp1s---ma---i
grc,ἐγώ,,ἐμε,Pp1s---ma---i
grc,ἐγώ,,με,Pp1s---ma---i
grc,ἐγώ,,με,Pp1s---ma---i
grc,ἐγώ,,Μοι,Pp1s---fd---i
grc,ἐγώ,,Μοι,Pp1s---fd---i
grc,ἐγώ,,Ἐμοι,Pp1s---fd---i
grc,ἐγώ,,ἐμοι,Pp1s---fd---i
grc,ἐγώ,,μοι,Pp1s---fd---i
grc,ἐγώ,,μοι,Pp1s---fd---i
grc,ἐγώ,,Μοι,Pp1s---md---i
grc,ἐγώ,,Μοι,Pp1s---md---i
grc,ἐγώ,,Ἐμοι,Pp1s---md---i
grc,ἐγώ,,ἐμοι,Pp1s---md---i
grc,ἐγώ,,μοι,Pp1s---md---i
grc,ἐγώ,,μοι,Pp1s---md---i
grc,ἐγώ,,Μου,Pp1s---fg---i
grc,ἐγώ,,Μου,Pp1s---fg---i
grc,ἐγώ,,Ἐμου,Pp1s---fg---i
grc,ἐγώ,,ἐμου,Pp1s---fg---i
grc,ἐγώ,,μου,Pp1s---fg---i
grc,ἐγώ,,μου,Pp1s---fg---i
grc,ἐγώ,,Μου,Pp1s---mg---i
grc,ἐγώ,,Μου,Pp1s---mg---i
grc,ἐγώ,,Ἐμου,Pp1s---mg---i
grc,ἐγώ,,ἐμου,Pp1s---mg---i
grc,ἐγώ,,μου,Pp1s---mg---i
grc,ἐγώ,,μου,Pp1s---mg---i
grc,Δαβίδ,,Δαβιδ,Ne----------n
grc,Δαβίδ,,Δαυειδ,Ne----------n
grc,Δαλμανουθά,,Δαλμανουθα,Ne----------n
grc,δέ,,Δ’,Df----------n
grc,δέ,,δ’,Df----------n
grc,ὧδε,,Ὡδε,Df----------n
grc,ὧδε,,ὡδε,Df----------n
grc,δέ,,Δε,Df----------n
grc,δέ,,δε,Df----------n
grc,ὧδε,,Ὡδέ,Df----------n
grc,ὧδε,,ὡδέ,Df----------n
grc,δεινῶς,,Δεινως,Df-------p--i
grc,δεινῶς,,δεινως,Df-------p--i
grc,δέκα,,Δεκα,Ma----------n
grc,δέκα,,δεκα,Ma----------n
grc,δεκαοκτώ,,Δεκαοκτω,Ma----------n
grc,δεκαοκτώ,,δεκαοκτω,Ma----------n
grc,δεκαπέντε,,Δεκαπεντε,Ma----------n
grc,δεκαπέντε,,δεκαπεντε,Ma----------n
grc,δεῦρο,,Δευρο,Df----------n
grc,δεῦρο,,δευρο,Df----------n
grc,ὅδε,,Ταδε,Pd-p---na---i
grc,ὅδε,,ταδε,Pd-p---na---i
grc,ὅδε,,Τῃδε,Pd-s---fd---i
grc,ὅδε,,τῃδε,Pd-s---fd---i
grc,δεῦτε,,Δευτε,Df----------n
grc,δεῦτε,,δευτε,Df----------n
grc,δεῦτε,,Δευτε,I-----------n
grc,δεῦτε,,δευτε,I-----------n
grc,ὅδε,,Τηνδε,Pd-s---fa---i
grc,ὅδε,,τηνδε,Pd-s---fa---i
grc,δεύτερον,,Δευτερον,Df----------n
grc,δεύτερον,,δευτερον,Df----------n
grc,δεύτερος,,Δευτερᾳ,Mo-s---fd---i
grc,δεύτερος,,δευτερᾳ,Mo-s---fd---i
grc,δεύτερος,,Δευτερῳ,Mo-s---md---i
grc,δεύτερος,,δευτερῳ,Mo-s---md---i
grc,δεύτερος,,Δευτερῳ,Mo-s---nd---i
grc,δεύτερος,,δευτερῳ,Mo-s---nd---i
grc,δεύτερος,,Δευτερα,Mo-p---na---i
grc,δεύτερος,,δευτερα,Mo-p---na---i
grc,δεύτερος,,Δευτερα,Mo-p---nn---i
grc,δεύτερος,,δευτερα,Mo-p---nn---i
grc,δεύτερος,,Δευτερα,Mo-s---fn---i
grc,δεύτερος,,δευτερα,Mo-s---fn---i
grc,δεύτερος,,Δευτεραι,Mo-p---fn---i
grc,δεύτερος,,δευτεραι,Mo-p---fn---i
grc,δεύτερος,,Δευτεραις,Mo-p---fd---i
grc,δεύτερος,,δευτεραις,Mo-p---fd---i
grc,δεύτερος,,Δευτεραν,Mo-s---fa---i
grc,δεύτερος,,δευτεραν,Mo-s---fa---i
grc,δεύτερος,,Δευτερας,Mo-p---fa---i
grc,δεύτερος,,δευτερας,Mo-p---fa---i
grc,δεύτερος,,Δευτερας,Mo-s---fg---i
grc,δεύτερος,,δευτερας,Mo-s---fg---i
grc,δεύτερος,,Δευτεροι,Mo-p---mn---i
grc,δεύτερος,,δευτεροι,Mo-p---mn---i
grc,δεύτερος,,Δευτεροις,Mo-p---md---i
grc,δεύτερος,,δευτεροις,Mo-p---md---i
grc,δεύτερος,,Δευτεροις,Mo-p---nd---i
grc,δεύτερος,,δευτεροις,Mo-p---nd---i
grc,δεύτερος,,Δευτερον,Mo-s---ma---i
grc,δεύτερος,,δευτερον,Mo-s---ma---i
grc,δεύτερος,,Δευτερον,Mo-s---na---i
grc,δεύτερος,,δευτερον,Mo-s---na---i
grc,δεύτερος,,Δευτερον,Mo-s---nn---i
grc,δεύτερος,,δευτερον,Mo-s---nn---i
grc,δεύτερος,,Δευτερος,Mo-s---mn---i
grc,δεύτερος,,δευτερος,Mo-s---mn---i
grc,δεύτερος,,Δευτερου,Mo-s---mg---i
grc,δεύτερος,,δευτερου,Mo-s---mg---i
grc,δεύτερος,,Δευτερου,Mo-s---ng---i
grc,δεύτερος,,δευτερου,Mo-s---ng---i
grc,δεύτερος,,Δευτερους,Mo-p---ma---i
grc,δεύτερος,,δευτερους,Mo-p---ma---i
grc,δεύτερος,,Δευτερων,Mo-p---fg---i
grc,δεύτερος,,δευτερων,Mo-p---fg---i
grc,δεύτερος,,Δευτερων,Mo-p---mg---i
grc,δεύτερος,,δευτερων,Mo-p---mg---i
grc,δεύτερος,,Δευτερων,Mo-p---ng---i
grc,δεύτερος,,δευτερων,Mo-p---ng---i
grc,ἡδέως,,Ἡδεως,Df-------p--i
grc,ἡδέως,,ἡδεως,Df-------p--i
grc,ἡδέως,,Ἡδιον,Df-------c--i
grc,ἡδέως,,ἡδιον,Df-------c--i
grc,ἡδέως,,Ἡδιστα,Df-------s--i
grc,ἡδέως,,ἡδιστα,Df-------s--i
grc,ἤδη,,Ἠδη,Df----------n
grc,ἤδη,,ἠδη,Df----------n
grc,δή,,Δη,Df----------n
grc,δή,,δη,Df----------n
grc,δηλαυγῶς,,Δηλαυγως,Df-------p--i
grc,δηλαυγῶς,,δηλαυγως,Df-------p--i
grc,ἀδήλως,,Ἀδηλως,Df-------p--i
grc,ἀδήλως,,ἀδηλως,Df-------p--i
grc,δημοσίᾳ,,Δημοσιᾳ,Df-------p--i
grc,δημοσίᾳ,,δημοσιᾳ,Df-------p--i
grc,δήπου,,Δηπου,Df----------n
grc,δήπου,,δηπου,Df----------n
grc,διά,,Δι’,R-----------n
grc,διά,,δι’,R-----------n
grc,διά,,Δια,R-----------n
grc,διά,,δια,R-----------n
grc,διακόσιοι,,Διακοσιων,Ma-p---ng---i
grc,διακόσιοι,,διακοσιων,Ma-p---ng---i
grc,ἀδιαλείπτως,,Ἀδιαλειπτως,Df-------p--i
grc,ἀδιαλείπτως,,ἀδιαλειπτως,Df-------p--i
grc,διαπαντός,,Διαπαντος,Df----------n
grc,διαπαντός,,διαπαντος,Df----------n
grc,δικαίως,,Δικαιως,Df-------p--i
grc,δικαίως,,δικαιως,Df-------p--i
grc,ἀδίκως,,Ἀδικως,Df-------p--i
grc,ἀδίκως,,ἀδικως,Df-------p--i
grc,διό,,Διο,Df----------n
grc,διό,,διο,Df----------n
grc,διόπερ,,Διοπερ,Df----------n
grc,διόπερ,,διοπερ,Df----------n
grc,διότι,,Διοτι,G-----------n
grc,διότι,,διοτι,G-----------n
grc,δίς,,Δις,Df----------n
grc,δίς,,δις,Df----------n
grc,δύο,,Δυο,Ma-p---fa---i
grc,δύο,,δυο,Ma-p---fa---i
grc,δύο,,Δυο,Ma-p---fn---i
grc,δύο,,δυο,Ma-p---fn---i
grc,δύο,,Δυο,Ma-p---ma---i
grc,δύο,,δυο,Ma-p---ma---i
grc,δύο,,Δυο,Ma-p---mg---i
grc,δύο,,δυο,Ma-p---mg---i
grc,δύο,,Δυο,Ma-p---mn---i
grc,δύο,,δυο,Ma-p---mn---i
grc,δύο,,Δυο,Ma-p---na---i
grc,δύο,,δυο,Ma-p---na---i
grc,δύο,,Δυο,Ma-p---nn---i
grc,δύο,,δυο,Ma-p---nn---i
grc,δύο,,Δυσι,Ma-p---md---i
grc,δύο,,δυσι,Ma-p---md---i
grc,δυσκόλως,,Δυσκολως,Df-------p--i
grc,δυσκόλως,,δυσκολως,Df-------p--i
grc,δώδεκα,,Δωδεκα,Ma----------n
grc,δώδεκα,,δωδεκα,Ma----------n
grc,δωρεάν,,Δωρεαν,Df----------n
grc,δωρεάν,,δωρεαν,Df----------n
grc,εὐαρέστως,,Εὐαρεστως,Df-------p--i
grc,εὐαρέστως,,εὐαρεστως,Df-------p--i
grc,εὖγε,,Εὐγε,Df----------n
grc,εὖγε,,εὐγε,Df----------n
grc,εἰ,,Εἰ,Df----------n
grc,εὖ,,Εὐ,Df----------n
grc,εἰ,,εἰ,Df----------n
grc,εὖ,,εὐ,Df----------n
grc,εἰ,,Εἰ,G-----------n
grc,εἰ,,Εἰ,G-----------n
grc,εἰ,,εἰ,G-----------n
grc,εἰ,,εἰ,G-----------n
grc,εὐθέως,,Εὐθεως,Df-------p--i
grc,εὐθέως,,εὐθεως,Df-------p--i
grc,εὐθύμως,,Εὐθυμως,Df-------p--i
grc,εὐθύμως,,εὐθυμως,Df-------p--i
grc,εὐθύς,,Εὐθυς,Df----------n
grc,εὐθύς,,εὐθυς,Df----------n
grc,ἀεί,,Ἀει,Df----------n
grc,ἀεί,,ἀει,Df----------n
grc,εὐκαίρως,,Εὐκαιρως,Df-------p--i
grc,εὐκαίρως,,εὐκαιρως,Df-------p--i
grc,εἰκῇ,,Εἰκῃ,Df----------n
grc,εἰκῇ,,εἰκῃ,Df----------n
grc,εἴκοσι,,Εἰκοσι,Ma----------n
grc,εἴκοσι,,εἰκοσι,Ma----------n
grc,εντακισχίλιοι,,Εντακισχιλιοι,Ma-p---mn---i
grc,εντακισχίλιοι,,εντακισχιλιοι,Ma-p---mn---i
grc,εἴπερ,,Εἰπερ,G-----------n
grc,εἴπερ,,εἰπερ,G-----------n
grc,εἴπως,,Εἰπως,G-----------n
grc,εἴπως,,εἰπως,G-----------n
grc,Ἱεριχώ,,Ἰερειχω,Ne----------n
grc,εὐσεβῶς,,Εὐσεβως,Df-------p--i
grc,εὐσεβῶς,,εὐσεβως,Df-------p--i
grc,εἷς,,Εἱς,Ma-s---mn---i
grc,εἷς,,εἱς,Ma-s---mn---i
grc,εἰς,,Εἰς,R-----------n
grc,εἰς,,εἰς,R-----------n
grc,εἷς,,Μια,Ma-s---fn---i
grc,εἷς,,μια,Ma-s---fn---i
grc,εἷς,,Μιαν,Ma-s---fa---i
grc,εἷς,,μιαν,Ma-s---fa---i
grc,εἷς,,Ἑν,Ma-s---na---i
grc,εἷς,,ἑν,Ma-s---na---i
grc,εἷς,,Ἑν,Ma-s---nn---i
grc,εἷς,,ἑν,Ma-s---nn---i
grc,εἷς,,Ἑνα,Ma-s---ma---i
grc,εἷς,,ἑνα,Ma-s---ma---i
grc,εὐσχημόνως,,Εὐσχημονως,Df-------p--i
grc,εὐσχημόνως,,εὐσχημονως,Df-------p--i
grc,εἶτα,,Εἰτα,Df----------n
grc,εἶτα,,εἰτα,Df----------n
grc,εἴτε,,Εἰτε,C-----------n
grc,εἴτε,,εἰτε,C-----------n
grc,εἴτε,,Εἰτε,G-----------n
grc,εἴτε,,εἰτε,G-----------n
grc,εἶτεν,,Εἰτεν,Df----------n
grc,εἶτεν,,εἰτεν,Df----------n
grc,εὐτόνως,,Εὐτονως,Df-------p--i
grc,εὐτόνως,,εὐτονως,Df-------p--i
grc,Ἰησοῦς,,Ἰησου,Ne-s---md---i
grc,Ἰησοῦς,,Ἰησου,Ne-s---mg---i
grc,Ἰησοῦς,,Ἰησου,Ne-s---mv---i
grc,Ἰησοῦς,,Ἰησουν,Ne-s---ma---i
grc,Ἰησοῦς,,Ἰησους,Ne-s---mn---i
grc,Ἰησοῦς,,Ιησους,Ne-s---mn---i
grc,Ἰησοῦς,,ιησους,Ne-s---mn---i
grc,ῥητῶς,,Ῥητως,Df-------p--i
grc,ῥητῶς,,ῥητως,Df-------p--i
grc,ὅθεν,,Ὁθεν,Dq----------n
grc,ὅθεν,,ὁθεν,Dq----------n
grc,ὅθεν,,Ὁθεν,Dq----------n
grc,ὅθεν,,ὁθεν,Dq----------n
grc,ἐθνικῶς,,Ἐθνικως,Df-------p--i
grc,ἐθνικῶς,,ἐθνικως,Df-------p--i
grc,καθά,,Καθα,Dq----------n
grc,καθά,,καθα,Dq----------n
grc,καθάπερ,,Καθαπερ,Df----------n
grc,καθάπερ,,καθαπερ,Df----------n
grc,καθεξῆς,,Καθεξης,Df----------n
grc,καθεξῆς,,καθεξης,Df----------n
grc,καθό,,Καθο,Dq----------n
grc,καθό,,καθο,Dq----------n
grc,καθόλου,,Καθολου,Df----------n
grc,καθόλου,,καθολου,Df----------n
grc,καθότι,,Καθοτι,Df----------n
grc,καθότι,,καθοτι,Df----------n
grc,καθότι,,Καθοτι,Dq----------n
grc,καθότι,,καθοτι,Dq----------n
grc,καθότι,,Καθοτι,G-----------n
grc,καθότι,,καθοτι,G-----------n
grc,καθώς,,Καθως,Df----------n
grc,καθώς,,καθως,Df----------n
grc,καθώς,,Καθως,Dq----------n
grc,καθώς,,Καθως,Dq----------n
grc,καθώς,,καθως,Dq----------n
grc,καθώς,,καθως,Dq----------n
grc,καθώς,,Καθως,G-----------n
grc,καθώς,,καθως,G-----------n
grc,καίγε,,Καιγε,C-----------n
grc,καίγε,,καιγε,C-----------n
grc,καίγε,,Καιγε,Df----------n
grc,καίγε,,καιγε,Df----------n
grc,καί,,Και,C-----------n
grc,καί,,και,C-----------n
grc,καί,,Και,Df----------n
grc,καί,,και,Df----------n
grc,καίπερ,,Καιπερ,C-----------n
grc,καίπερ,,καιπερ,C-----------n
grc,ἀκαίρως,,Ἀκαιρως,Df-------p--i
grc,ἀκαίρως,,ἀκαιρως,Df-------p--i
grc,καίτοιγε,,Καιτοιγε,Df----------n
grc,καίτοιγε,,καιτοιγε,Df----------n
grc,καίτοι,,Καιτοι,Df----------n
grc,καίτοι,,καιτοι,Df----------n
grc,κακῶς,,Κακως,Df-------p--i
grc,κακῶς,,κακως,Df-------p--i
grc,καλῶς,,Καλλιον,Df-------c--i
grc,καλῶς,,καλλιον,Df-------c--i
grc,καλῶς,,Καλως,Df-------p--i
grc,καλῶς,,καλως,Df-------p--i
grc,Καπερναούμ,,Καπερναουμ,Ne----------n
grc,Καπερναούμ,,Καφαρναουμ,Ne----------n
grc,ἕκαστος,,Ἑκαστῃ,Px-s---fd---i
grc,ἕκαστος,,ἑκαστῃ,Px-s---fd---i
grc,ἕκαστος,,Ἑκαστῳ,Px-s---md---i
grc,ἕκαστος,,ἑκαστῳ,Px-s---md---i
grc,ἕκαστος,,Ἑκαστῳ,Px-s---nd---i
grc,ἕκαστος,,ἑκαστῳ,Px-s---nd---i
grc,ἕκαστος,,Ἑκαστα,Px-p---na---i
grc,ἕκαστος,,ἑκαστα,Px-p---na---i
grc,ἕκαστος,,Ἑκαστα,Px-p---nn---i
grc,ἕκαστος,,ἑκαστα,Px-p---nn---i
grc,ἕκαστος,,Ἑκασται,Px-p---fn---i
grc,ἕκαστος,,ἑκασται,Px-p---fn---i
grc,ἕκαστος,,Ἑκασταις,Px-p---fd---i
grc,ἕκαστος,,ἑκασταις,Px-p---fd---i
grc,ἕκαστος,,Ἑκαστας,Px-p---fa---i
grc,ἕκαστος,,ἑκαστας,Px-p---fa---i
grc,ἕκαστος,,Ἑκαστη,Px-s---fn---i
grc,ἕκαστος,,ἑκαστη,Px-s---fn---i
grc,ἕκαστος,,Ἑκαστην,Px-s---fa---i
grc,ἕκαστος,,ἑκαστην,Px-s---fa---i
grc,ἕκαστος,,Ἑκαστης,Px-s---fg---i
grc,ἕκαστος,,ἑκαστης,Px-s---fg---i
grc,ἕκαστος,,Ἑκαστοι,Px-p---mn---i
grc,ἕκαστος,,ἑκαστοι,Px-p---mn---i
grc,ἕκαστος,,Ἑκαστοις,Px-p---md---i
grc,ἕκαστος,,ἑκαστοις,Px-p---md---i
grc,ἕκαστος,,Ἑκαστοις,Px-p---nd---i
grc,ἕκαστος,,ἑκαστοις,Px-p---nd---i
grc,ἕκαστος,,Ἑκαστον,Px-s---ma---i
grc,ἕκαστος,,ἑκαστον,Px-s---ma---i
grc,ἕκαστος,,Ἑκαστον,Px-s---na---i
grc,ἕκαστος,,ἑκαστον,Px-s---na---i
grc,ἕκαστος,,Ἑκαστον,Px-s---nn---i
grc,ἕκαστος,,ἑκαστον,Px-s---nn---i
grc,ἕκαστος,,Ἑκαστος,Px-s---mn---i
grc,ἕκαστος,,ἑκαστος,Px-s---mn---i
grc,ἕκαστος,,Ἑκαστου,Px-s---mg---i
grc,ἕκαστος,,ἑκαστου,Px-s---mg---i
grc,ἕκαστος,,Ἑκαστου,Px-s---ng---i
grc,ἕκαστος,,ἑκαστου,Px-s---ng---i
grc,ἕκαστος,,Ἑκαστους,Px-p---ma---i
grc,ἕκαστος,,ἑκαστους,Px-p---ma---i
grc,ἕκαστος,,Ἑκαστων,Px-p---fg---i
grc,ἕκαστος,,ἑκαστων,Px-p---fg---i
grc,ἕκαστος,,Ἑκαστων,Px-p---mg---i
grc,ἕκαστος,,ἑκαστων,Px-p---mg---i
grc,ἕκαστος,,Ἑκαστων,Px-p---ng---i
grc,ἕκαστος,,ἑκαστων,Px-p---ng---i
grc,ἑκάστοτε,,Ἑκαστοτε,Df----------n
grc,ἑκάστοτε,,ἑκαστοτε,Df----------n
grc,κατά,,Καθ’,R-----------n
grc,κατά,,καθ’,R-----------n
grc,κατά,,Κατ’,R-----------n
grc,κατά,,κατ’,R-----------n
grc,κατά,,Κατα,R-----------n
grc,κατά,,Κατα,R-----------n
grc,κατά,,κατα,R-----------n
grc,κατά,,κατα,R-----------n
grc,κατέναντι,,Κατεναντι,R-----------n
grc,κατέναντι,,κατεναντι,R-----------n
grc,κατενώπιον,,Κατενωπιον,Df----------n
grc,κατενώπιον,,κατενωπιον,Df----------n
grc,ἑκατόν,,Ἑκατον,Ma----------n
grc,ἑκατόν,,ἑκατον,Ma----------n
grc,κάτω,,Κατω,Df-------p--i
grc,κάτω,,κατω,Df-------p--i
grc,κάτω,,Κατωτερω,Df-------c--i
grc,κάτω,,κατωτερω,Df-------c--i
grc,ἐκεῖθεν,,Ἐκειθεν,Df----------n
grc,ἐκεῖθεν,,ἐκειθεν,Df----------n
grc,ἐκεῖθεν,,Ἐκειθέν,Df----------n
grc,ἐκεῖθεν,,ἐκειθέν,Df----------n
grc,ἐκεῖ,,Ἐκει,Df----------n
grc,ἐκεῖ,,ἐκει,Df----------n
grc,ἐκεῖνος,,Ἐκεινῃ,Pd-s---fd---i
grc,ἐκεῖνος,,ἐκεινῃ,Pd-s---fd---i
grc,ἐκεῖνος,,Ἐκεινῳ,Pd-s---md---i
grc,ἐκεῖνος,,ἐκεινῳ,Pd-s---md---i
grc,ἐκεῖνος,,Ἐκεινῳ,Pd-s---nd---i
grc,ἐκεῖνος,,ἐκεινῳ,Pd-s---nd---i
grc,ἐκεῖνος,,Ἐκεινα,Pd-p---na---i
grc,ἐκεῖνος,,ἐκεινα,Pd-p---na---i
grc,ἐκεῖνος,,Ἐκεινα,Pd-p---nn---i
grc,ἐκεῖνος,,ἐκεινα,Pd-p---nn---i
grc,ἐκεῖνος,,Ἐκειναι,Pd-p---fn---i
grc,ἐκεῖνος,,ἐκειναι,Pd-p---fn---i
grc,ἐκεῖνος,,Ἐκειναί,Pd-p---fn---i
grc,ἐκεῖνος,,ἐκειναί,Pd-p---fn---i
grc,ἐκεῖνος,,Ἐκειναις,Pd-p---fd---i
grc,ἐκεῖνος,,ἐκειναις,Pd-p---fd---i
grc,ἐκεῖνος,,Ἐκεινας,Pd-p---fa---i
grc,ἐκεῖνος,,ἐκεινας,Pd-p---fa---i
grc,ἐκεῖνος,,Ἐκεινη,Pd-s---fn---i
grc,ἐκεῖνος,,ἐκεινη,Pd-s---fn---i
grc,ἐκεῖνος,,Ἐκεινην,Pd-s---fa---i
grc,ἐκεῖνος,,ἐκεινην,Pd-s---fa---i
grc,ἐκεῖνος,,Ἐκεινης,Pd-s---fg---i
grc,ἐκεῖνος,,ἐκεινης,Pd-s---fg---i
grc,ἐκεῖνος,,Ἐκεινο,Pd-s---na---i
grc,ἐκεῖνος,,ἐκεινο,Pd-s---na---i
grc,ἐκεῖνος,,Ἐκεινο,Pd-s---na---i
grc,ἐκεῖνος,,ἐκεινο,Pd-s---na---i
grc,ἐκεῖνος,,Ἐκεινο,Pd-s---nn---i
grc,ἐκεῖνος,,ἐκεινο,Pd-s---nn---i
grc,ἐκεῖνος,,Ἐκεινοι,Pd-p---mn---i
grc,ἐκεῖνος,,ἐκεινοι,Pd-p---mn---i
grc,ἐκεῖνος,,Ἐκεινοι,Pd-p---mn---i
grc,ἐκεῖνος,,ἐκεινοι,Pd-p---mn---i
grc,ἐκεῖνος,,Ἐκεινοί,Pd-p---mn---i
grc,ἐκεῖνος,,ἐκεινοί,Pd-p---mn---i
grc,ἐκεῖνος,,Ἐκεινοις,Pd-p---md---i
grc,ἐκεῖνος,,ἐκεινοις,Pd-p---md---i
grc,ἐκεῖνος,,Ἐκεινοις,Pd-p---md---i
grc,ἐκεῖνος,,ἐκεινοις,Pd-p---md---i
grc,ἐκεῖνος,,Ἐκεινον,Pd-s---ma---i
grc,ἐκεῖνος,,ἐκεινον,Pd-s---ma---i
grc,ἐκεῖνος,,Ἐκεινος,Pd-s---mn---i
grc,ἐκεῖνος,,ἐκεινος,Pd-s---mn---i
grc,ἐκεῖνος,,Ἐκεινός,Pd-s---mn---i
grc,ἐκεῖνος,,ἐκεινός,Pd-s---mn---i
grc,ἐκεῖνος,,Ἐκεινου,Pd-s---mg---i
grc,ἐκεῖνος,,ἐκεινου,Pd-s---mg---i
grc,ἐκεῖνος,,Ἐκεινου,Pd-s---ng---i
grc,ἐκεῖνος,,ἐκεινου,Pd-s---ng---i
grc,ἐκεῖνος,,Ἐκεινους,Pd-p---ma---i
grc,ἐκεῖνος,,ἐκεινους,Pd-p---ma---i
grc,ἐκεῖνος,,Ἐκεινων,Pd-p---fg---i
grc,ἐκεῖνος,,ἐκεινων,Pd-p---fg---i
grc,ἐκεῖνος,,Ἐκεινων,Pd-p---mg---i
grc,ἐκεῖνος,,ἐκεινων,Pd-p---mg---i
grc,ἐκεῖνος,,Ἐκεινων,Pd-p---ng---i
grc,ἐκεῖνος,,ἐκεινων,Pd-p---ng---i
grc,κενῶς,,Κενως,Df-------p--i
grc,κενῶς,,κενως,Df-------p--i
grc,ἐκεῖσε,,Ἐκεισε,Df----------n
grc,ἐκεῖσε,,ἐκεισε,Df----------n
grc,ἐκ,,Ἐκ,R-----------n
grc,ἐκ,,ἐκ,R-----------n
grc,ἀκμήν,,Ἀκμην,Df----------n
grc,ἀκμήν,,ἀκμην,Df----------n
grc,ἐκ,,Ἐξ,R-----------n
grc,ἐκ,,ἐξ,R-----------n
grc,κομψότερον,,Κομψοτερον,Df-------c--i
grc,κομψότερον,,κομψοτερον,Df-------c--i
grc,κορβᾶν,,Κορβαν,F-----------n
grc,κορβᾶν,,κορβαν,F-----------n
grc,ἑκουσίως,,Ἑκουσιως,Df-------p--i
grc,ἑκουσίως,,ἑκουσιως,Df-------p--i
grc,ἔκπαλαι,,Ἐκπαλαι,Df----------n
grc,ἔκπαλαι,,ἐκπαλαι,Df----------n
grc,ἐκπερισσῶς,,Ἐκπερισσως,Df----------n
grc,ἐκπερισσῶς,,ἐκπερισσως,Df----------n
grc,ἀκριβῶς,,Ἀκριβεστερον,Df-------c--i
grc,ἀκριβῶς,,ἀκριβεστερον,Df-------c--i
grc,ἀκριβῶς,,Ἀκριβως,Df-------p--i
grc,ἀκριβῶς,,ἀκριβως,Df-------p--i
grc,κρυφῇ,,Κρυφῃ,Df-------p--i
grc,κρυφῇ,,κρυφῃ,Df-------p--i
grc,ἐκτενής,,Ἐκτενεστερον,Df-------c--i
grc,ἐκτενής,,ἐκτενεστερον,Df-------c--i
grc,ἐκτενῶς,,Ἐκτενως,Df-------p--i
grc,ἐκτενῶς,,ἐκτενως,Df-------p--i
grc,ἕκτος,,Ἑκτῃ,Mo-s---fd---i
grc,ἕκτος,,ἑκτῃ,Mo-s---fd---i
grc,ἕκτος,,Ἑκτῳ,Mo-s---md---i
grc,ἕκτος,,ἑκτῳ,Mo-s---md---i
grc,ἕκτος,,Ἑκτῳ,Mo-s---nd---i
grc,ἕκτος,,ἑκτῳ,Mo-s---nd---i
grc,ἕκτος,,Ἑκτα,Mo-p---na---i
grc,ἕκτος,,ἑκτα,Mo-p---na---i
grc,ἕκτος,,Ἑκτα,Mo-p---nn---i
grc,ἕκτος,,ἑκτα,Mo-p---nn---i
grc,ἕκτος,,Ἑκται,Mo-p---fn---i
grc,ἕκτος,,ἑκται,Mo-p---fn---i
grc,ἕκτος,,Ἑκταις,Mo-p---fd---i
grc,ἕκτος,,ἑκταις,Mo-p---fd---i
grc,ἕκτος,,Ἑκτας,Mo-p---fa---i
grc,ἕκτος,,ἑκτας,Mo-p---fa---i
grc,ἕκτος,,Ἑκτη,Mo-s---fn---i
grc,ἕκτος,,ἑκτη,Mo-s---fn---i
grc,ἕκτος,,Ἑκτην,Mo-s---fa---i
grc,ἕκτος,,ἑκτην,Mo-s---fa---i
grc,ἕκτος,,Ἑκτης,Mo-s---fg---i
grc,ἕκτος,,ἑκτης,Mo-s---fg---i
grc,ἕκτος,,Ἑκτοι,Mo-p---mn---i
grc,ἕκτος,,ἑκτοι,Mo-p---mn---i
grc,ἕκτος,,Ἑκτοις,Mo-p---md---i
grc,ἕκτος,,ἑκτοις,Mo-p---md---i
grc,ἕκτος,,Ἑκτοις,Mo-p---nd---i
grc,ἕκτος,,ἑκτοις,Mo-p---nd---i
grc,ἕκτος,,Ἑκτον,Mo-s---ma---i
grc,ἕκτος,,ἑκτον,Mo-s---ma---i
grc,ἕκτος,,Ἑκτον,Mo-s---na---i
grc,ἕκτος,,ἑκτον,Mo-s---na---i
grc,ἕκτος,,Ἑκτον,Mo-s---nn---i
grc,ἕκτος,,ἑκτον,Mo-s---nn---i
grc,ἕκτος,,Ἑκτος,Mo-s---mn---i
grc,ἕκτος,,ἑκτος,Mo-s---mn---i
grc,ἐκτός,,Ἐκτος,R-----------n
grc,ἐκτός,,ἐκτος,R-----------n
grc,ἕκτος,,Ἑκτου,Mo-s---mg---i
grc,ἕκτος,,ἑκτου,Mo-s---mg---i
grc,ἕκτος,,Ἑκτου,Mo-s---ng---i
grc,ἕκτος,,ἑκτου,Mo-s---ng---i
grc,ἕκτος,,Ἑκτους,Mo-p---ma---i
grc,ἕκτος,,ἑκτους,Mo-p---ma---i
grc,ἕκτος,,Ἑκτων,Mo-p---fg---i
grc,ἕκτος,,ἑκτων,Mo-p---fg---i
grc,ἕκτος,,Ἑκτων,Mo-p---mg---i
grc,ἕκτος,,ἑκτων,Mo-p---mg---i
grc,ἕκτος,,Ἑκτων,Mo-p---ng---i
grc,ἕκτος,,ἑκτων,Mo-p---ng---i
grc,ὀκτώ,,Ὀκτω,Ma----------n
grc,ὀκτώ,,ὀκτω,Ma----------n
grc,κυκλόθεν,,Κυκλοθεν,Df----------n
grc,κυκλόθεν,,κυκλοθεν,Df----------n
grc,ἀκωλύτως,,Ἀκωλυτως,Df-------p--i
grc,ἀκωλύτως,,ἀκωλυτως,Df-------p--i
grc,λάθρᾳ,,Λαθρᾳ,Df-------p--i
grc,λάθρᾳ,,λαθρᾳ,Df-------p--i
grc,λαμπρῶς,,Λαμπρως,Df-------p--i
grc,λαμπρῶς,,λαμπρως,Df-------p--i
grc,λεμά,,Λεμα,F-----------n
grc,λεμά,,λεμα,F-----------n
grc,ἀληθῶς,,Ἀληθως,Df-------p--i
grc,ἀληθῶς,,ἀληθως,Df-------p--i
grc,λίαν,,Λιαν,Df----------n
grc,λίαν,,λιαν,Df----------n
grc,ὀλίγον,,Ὀλιγον,Df-------p--i
grc,ὀλίγον,,ὀλιγον,Df-------p--i
grc,ὀλίγως,,Ὀλιγως,Df-------p--i
grc,ὀλίγως,,ὀλιγως,Df-------p--i
grc,ἀλλά,,Ἀλλ’,C-----------n
grc,ἀλλά,,ἀλλ’,C-----------n
grc,ἀλλά,,Ἀλλα,C-----------n
grc,ἀλλά,,ἀλλα,C-----------n
grc,ἀλλαχόθεν,,Ἀλλαχοθεν,Df----------n
grc,ἀλλαχόθεν,,ἀλλαχοθεν,Df----------n
grc,ἀλλαχοῦ,,Ἀλλαχου,Df----------n
grc,ἀλλαχοῦ,,ἀλλαχου,Df----------n
grc,ἁλληλουϊά,,Ἁλληλουϊα,I-----------n
grc,ἁλληλουϊά,,ἁλληλουϊα,I-----------n
grc,ἀλλήλων,,Ἀλληλοις,Pc-p---md---i
grc,ἀλλήλων,,ἀλληλοις,Pc-p---md---i
grc,ἀλλήλων,,Ἀλληλοις,Pc-p---nd---i
grc,ἀλλήλων,,ἀλληλοις,Pc-p---nd---i
grc,ἀλλήλων,,Ἀλληλους,Pc-p---ma---i
grc,ἀλλήλων,,ἀλληλους,Pc-p---ma---i
grc,ἀλλήλων,,Ἀλληλων,Pc-p---mg---i
grc,ἀλλήλων,,ἀλληλων,Pc-p---mg---i
grc,ἀλλήλων,,Ἀλληλων,Pc-p---ng---i
grc,ἀλλήλων,,ἀλληλων,Pc-p---ng---i
grc,ἑλληνιστὶ,,Ἑλληνιστι,Df-------p--i
grc,ἑλληνιστὶ,,ἑλληνιστι,Df-------p--i
grc,ἄλλος,,Ἀλλῃ,Px-s---fd---i
grc,ἄλλος,,ἀλλῃ,Px-s---fd---i
grc,ἄλλος,,Ἀλλῳ,Px-s---md---i
grc,ἄλλος,,ἀλλῳ,Px-s---md---i
grc,ἄλλος,,Ἀλλῳ,Px-s---nd---i
grc,ἄλλος,,ἀλλῳ,Px-s---nd---i
grc,ἄλλος,,Ἀλλα,Px-p---na---i
grc,ἄλλος,,ἀλλα,Px-p---na---i
grc,ἄλλος,,Ἀλλα,Px-p---nn---i
grc,ἄλλος,,ἀλλα,Px-p---nn---i
grc,ἄλλος,,Ἀλλαι,Px-p---fn---i
grc,ἄλλος,,ἀλλαι,Px-p---fn---i
grc,ἄλλος,,Ἀλλαις,Px-p---fd---i
grc,ἄλλος,,ἀλλαις,Px-p---fd---i
grc,ἄλλος,,Ἀλλας,Px-p---fa---i
grc,ἄλλος,,ἀλλας,Px-p---fa---i
grc,ἄλλος,,Ἀλλη,Px-s---fn---i
grc,ἄλλος,,ἀλλη,Px-s---fn---i
grc,ἄλλος,,Ἀλλην,Px-s---fa---i
grc,ἄλλος,,ἀλλην,Px-s---fa---i
grc,ἄλλος,,Ἀλλης,Px-s---fg---i
grc,ἄλλος,,ἀλλης,Px-s---fg---i
grc,ἄλλος,,Ἀλλο,Px-s---na---i
grc,ἄλλος,,ἀλλο,Px-s---na---i
grc,ἄλλος,,Ἀλλο,Px-s---nn---i
grc,ἄλλος,,ἀλλο,Px-s---nn---i
grc,ἄλλος,,Ἀλλοι,Px-p---mn---i
grc,ἄλλος,,ἀλλοι,Px-p---mn---i
grc,ἄλλος,,Ἀλλοις,Px-p---md---i
grc,ἄλλος,,ἀλλοις,Px-p---md---i
grc,ἄλλος,,Ἀλλοις,Px-p---nd---i
grc,ἄλλος,,ἀλλοις,Px-p---nd---i
grc,ἄλλος,,Ἀλλον,Px-s---ma---i
grc,ἄλλος,,ἀλλον,Px-s---ma---i
grc,ἄλλος,,Ἀλλος,Px-s---mn---i
grc,ἄλλος,,ἀλλος,Px-s---mn---i
grc,ἄλλος,,Ἀλλου,Px-s---mg---i
grc,ἄλλος,,ἀλλου,Px-s---mg---i
grc,ἄλλος,,Ἀλλου,Px-s---ng---i
grc,ἄλλος,,ἀλλου,Px-s---ng---i
grc,ἄλλος,,Ἀλλους,Px-p---ma---i
grc,ἄλλος,,ἀλλους,Px-p---ma---i
grc,ἄλλος,,Ἀλλων,Px-p---fg---i
grc,ἄλλος,,ἀλλων,Px-p---fg---i
grc,ἄλλος,,Ἀλλων,Px-p---mg---i
grc,ἄλλος,,ἀλλων,Px-p---mg---i
grc,ἄλλος,,Ἀλλων,Px-p---ng---i
grc,ἄλλος,,ἀλλων,Px-p---ng---i
grc,ἄλλως,,Ἀλλως,Df-------p--i
grc,ἄλλως,,ἀλλως,Df-------p--i
grc,λυκαονιστί,,Λυκαονιστι,Df-------p--i
grc,λυκαονιστί,,λυκαονιστι,Df-------p--i
grc,ἑλωΐ,,Ἡλει,F-----------n
grc,ἑλωΐ,,ἡλει,F-----------n
grc,ἑλωΐ,,Ἑλωϊ,F-----------n
grc,ἑλωΐ,,ἑλωϊ,F-----------n
grc,ὅλως,,Ὁλως,Df-------p--i
grc,ὅλως,,ὁλως,Df-------p--i
grc,μακράν,,Μακραν,Df-------p--i
grc,μακράν,,μακραν,Df-------p--i
grc,μακρόθεν,,Μακροθεν,Df----------n
grc,μακρόθεν,,μακροθεν,Df----------n
grc,μακρόθεν,,Μακροθεν,Df-------p--i
grc,μακρόθεν,,μακροθεν,Df-------p--i
grc,μακροθύμως,,Μακροθυμως,Df-------p--i
grc,μακροθύμως,,μακροθυμως,Df-------p--i
grc,μάλα,,Μαλα,Df-------p--i
grc,μάλα,,μαλα,Df-------p--i
grc,μάλα,,Μαλιστα,Df-------s--i
grc,μάλα,,μαλιστα,Df-------s--i
grc,μάλα,,Μαλλον,Df-------c--i
grc,μάλα,,μαλλον,Df-------c--i
grc,ἅμα,,Ἁμα,Df----------n
grc,ἅμα,,ἁμα,Df----------n
grc,μάννα,,Μαννα,Nb----------n
grc,μάννα,,μαννα,Nb----------n
grc,μαράνα θᾶ,,Ἀθα,F-----------n
grc,μαράνα θᾶ,,ἀθα,F-----------n
grc,μαράνα θᾶ,,Μαραν,F-----------n
grc,μαράνα θᾶ,,μαραν,F-----------n
grc,μάτην,,Ματην,Df----------n
grc,μάτην,,ματην,Df----------n
grc,μάτην,,Ματην,Df-------p--i
grc,μάτην,,ματην,Df-------p--i
grc,ἐμαυτοῦ,,Ἐμαυτῳ,Pk1s---md---i
grc,ἐμαυτοῦ,,ἐμαυτῳ,Pk1s---md---i
grc,ἐμαυτοῦ,,Ἐμαυτῃ,Pk2s---md---i
grc,ἐμαυτοῦ,,ἐμαυτῃ,Pk2s---md---i
grc,ἐμαυτοῦ,,Ἐμαυτην,Pk2s---fa---i
grc,ἐμαυτοῦ,,ἐμαυτην,Pk2s---fa---i
grc,ἐμαυτοῦ,,Ἐμαυτης,Pk2s---fg---i
grc,ἐμαυτοῦ,,ἐμαυτης,Pk2s---fg---i
grc,ἐμαυτοῦ,,Ἐμαυτον,Pk1s---ma---i
grc,ἐμαυτοῦ,,ἐμαυτον,Pk1s---ma---i
grc,ἐμαυτοῦ,,Ἐμαυτου,Pk1s---mg---i
grc,ἐμαυτοῦ,,ἐμαυτου,Pk1s---mg---i
grc,μεγάλως,,Μεγαλως,Df-------p--i
grc,μεγάλως,,μεγαλως,Df-------p--i
grc,μέγας,,Μειζον,Df-------c--i
grc,μέγας,,μειζον,Df-------c--i
grc,ἀμέμπτως,,Ἀμεμπτως,Df-------p--i
grc,ἀμέμπτως,,ἀμεμπτως,Df-------p--i
grc,μέν,,Μεν,Df----------n
grc,μέν,,μεν,Df----------n
grc,μενοῦνγε,,Μενουνγε,Df----------n
grc,μενοῦνγε,,μενουνγε,Df----------n
grc,μενοῦν,,Μενουν,Df----------n
grc,μενοῦν,,μενουν,Df----------n
grc,μέντοι,,Μεντοι,Df----------n
grc,μέντοι,,μεντοι,Df----------n
grc,ἡμεῖς,,Ἡμας,Pp1p---pa---i
grc,ἡμεῖς,,ἡμας,Pp1p---pa---i
grc,ὑμεῖς,,Ὑμας,Pp2p---fa---i
grc,ὑμεῖς,,ὑμας,Pp2p---fa---i
grc,ὑμεῖς,,Ὑμας,Pp2p---ma---i
grc,ὑμεῖς,,ὑμας,Pp2p---ma---i
grc,ὑμεῖς,,Ὑμας,Pp2p---pa---i
grc,ὑμεῖς,,ὑμας,Pp2p---pa---i
grc,ἡμεῖς,,Ἡμεις,Pp1p---pn---i
grc,ἡμεῖς,,ἡμεις,Pp1p---pn---i
grc,ὑμεῖς,,Ὑμεις,Pp2p---fn---i
grc,ὑμεῖς,,ὑμεις,Pp2p---fn---i
grc,ὑμεῖς,,Ὑμεις,Pp2p---mn---i
grc,ὑμεῖς,,ὑμεις,Pp2p---mn---i
grc,ὑμεῖς,,Ὑμεις,Pp2p---pn---i
grc,ὑμεῖς,,ὑμεις,Pp2p---pn---i
grc,ἡμεῖς,,Ἡμιν,Pp1p---pd---i
grc,ἡμεῖς,,ἡμιν,Pp1p---pd---i
grc,ὑμεῖς,,Ὑμιν,Pp2p---fd---i
grc,ὑμεῖς,,ὑμιν,Pp2p---fd---i
grc,ὑμεῖς,,Ὑμιν,Pp2p---md---i
grc,ὑμεῖς,,ὑμιν,Pp2p---md---i
grc,ὑμεῖς,,Ὑμιν,Pp2p---pd---i
grc,ὑμεῖς,,ὑμιν,Pp2p---pd---i
grc,ἡμεῖς,,Ἡμων,Pp1p---pg---i
grc,ἡμεῖς,,ἡμων,Pp1p---pg---i
grc,ὑμεῖς,,Ὑμων,Pp2p---fg---i
grc,ὑμεῖς,,ὑμων,Pp2p---fg---i
grc,ὑμεῖς,,Ὑμων,Pp2p---mg---i
grc,ὑμεῖς,,ὑμων,Pp2p---mg---i
grc,ὑμεῖς,,Ὑμων,Pp2p---pg---i
grc,ὑμεῖς,,ὑμων,Pp2p---pg---i
grc,μετά,,Μεθ’,R-----------n
grc,μετά,,μεθ’,R-----------n
grc,μετά,,Μετ’,R-----------n
grc,μετά,,μετ’,R-----------n
grc,μετά,,Μετα,R-----------n
grc,μετά,,μετα,R-----------n
grc,μεταξύ,,Μεταξυ,R-----------n
grc,μεταξύ,,μεταξυ,R-----------n
grc,μετέπειτα,,Μετεπειτα,Df----------n
grc,μετέπειτα,,μετεπειτα,Df----------n
grc,ἡμέτερος,,Ἡμετερᾳ,Ps1s---fd---i
grc,ἡμέτερος,,ἡμετερᾳ,Ps1s---fd---i
grc,ἡμέτερος,,Ἡμετερῳ,Ps1s---md---i
grc,ἡμέτερος,,ἡμετερῳ,Ps1s---md---i
grc,ἡμέτερος,,Ἡμετερῳ,Ps1s---nd---i
grc,ἡμέτερος,,ἡμετερῳ,Ps1s---nd---i
grc,ὑμέτερος,,Ὑμετερᾳ,Ps2s---fd---i
grc,ὑμέτερος,,ὑμετερᾳ,Ps2s---fd---i
grc,ὑμέτερος,,Ὑμετερῳ,Ps2s---md---i
grc,ὑμέτερος,,ὑμετερῳ,Ps2s---md---i
grc,ὑμέτερος,,Ὑμετερῳ,Ps2s---nd---i
grc,ὑμέτερος,,ὑμετερῳ,Ps2s---nd---i
grc,ἡμέτερος,,Ἡμετερα,Ps1p---na---i
grc,ἡμέτερος,,ἡμετερα,Ps1p---na---i
grc,ἡμέτερος,,Ἡμετερα,Ps1p---nn---i
grc,ἡμέτερος,,ἡμετερα,Ps1p---nn---i
grc,ἡμέτερος,,Ἡμετερα,Ps1s---fn---i
grc,ἡμέτερος,,ἡμετερα,Ps1s---fn---i
grc,ὑμέτερος,,Ὑμετερα,Ps2p---na---i
grc,ὑμέτερος,,ὑμετερα,Ps2p---na---i
grc,ὑμέτερος,,Ὑμετερα,Ps2p---nn---i
grc,ὑμέτερος,,ὑμετερα,Ps2p---nn---i
grc,ὑμέτερος,,Ὑμετερα,Ps2s---fn---i
grc,ὑμέτερος,,ὑμετερα,Ps2s---fn---i
grc,ἡμέτερος,,Ἡμετεραι,Ps1p---fn---i
grc,ἡμέτερος,,ἡμετεραι,Ps1p---fn---i
grc,ὑμέτερος,,Ὑμετεραι,Ps2p---fn---i
grc,ὑμέτερος,,ὑμετεραι,Ps2p---fn---i
grc,ἡμέτερος,,Ἡμετεραις,Ps1p---fd---i
grc,ἡμέτερος,,ἡμετεραις,Ps1p---fd---i
grc,ὑμέτερος,,Ὑμετεραις,Ps2p---fd---i
grc,ὑμέτερος,,ὑμετεραις,Ps2p---fd---i
grc,ἡμέτερος,,Ἡμετεραν,Ps1s---fa---i
grc,ἡμέτερος,,ἡμετεραν,Ps1s---fa---i
grc,ὑμέτερος,,Ὑμετεραν,Ps2s---fa---i
grc,ὑμέτερος,,ὑμετεραν,Ps2s---fa---i
grc,ἡμέτερος,,Ἡμετερας,Ps1p---fa---i
grc,ἡμέτερος,,ἡμετερας,Ps1p---fa---i
grc,ἡμέτερος,,Ἡμετερας,Ps1s---fg---i
grc,ἡμέτερος,,ἡμετερας,Ps1s---fg---i
grc,ὑμέτερος,,Ὑμετερας,Ps2p---fa---i
grc,ὑμέτερος,,ὑμετερας,Ps2p---fa---i
grc,ὑμέτερος,,Ὑμετερας,Ps2s---fg---i
grc,ὑμέτερος,,ὑμετερας,Ps2s---fg---i
grc,ἡμέτερος,,Ἡμετεροι,Ps1p---mn---i
grc,ἡμέτερος,,ἡμετεροι,Ps1p---mn---i
grc,ὑμέτερος,,Ὑμετεροι,Ps2p---mn---i
grc,ὑμέτερος,,ὑμετεροι,Ps2p---mn---i
grc,ἡμέτερος,,Ἡμετεροις,Ps1p---md---i
grc,ἡμέτερος,,ἡμετεροις,Ps1p---md---i
grc,ἡμέτερος,,Ἡμετεροις,Ps1p---nd---i
grc,ἡμέτερος,,ἡμετεροις,Ps1p---nd---i
grc,ὑμέτερος,,Ὑμετεροις,Ps2p---md---i
grc,ὑμέτερος,,ὑμετεροις,Ps2p---md---i
grc,ὑμέτερος,,Ὑμετεροις,Ps2p---nd---i
grc,ὑμέτερος,,ὑμετεροις,Ps2p---nd---i
grc,ἡμέτερος,,Ἡμετερον,Ps1s---ma---i
grc,ἡμέτερος,,ἡμετερον,Ps1s---ma---i
grc,ἡμέτερος,,Ἡμετερον,Ps1s---na---i
grc,ἡμέτερος,,ἡμετερον,Ps1s---na---i
grc,ἡμέτερος,,Ἡμετερον,Ps1s---nn---i
grc,ἡμέτερος,,ἡμετερον,Ps1s---nn---i
grc,ὑμέτερος,,Ὑμετερον,Ps2s---ma---i
grc,ὑμέτερος,,ὑμετερον,Ps2s---ma---i
grc,ὑμέτερος,,Ὑμετερον,Ps2s---na---i
grc,ὑμέτερος,,ὑμετερον,Ps2s---na---i
grc,ὑμέτερος,,Ὑμετερον,Ps2s---nn---i
grc,ὑμέτερος,,ὑμετερον,Ps2s---nn---i
grc,ἡμέτερος,,Ἡμετερος,Ps1s---mn---i
grc,ἡμέτερος,,ἡμετερος,Ps1s---mn---i
grc,ὑμέτερος,,Ὑμετερος,Ps2s---mn---i
grc,ὑμέτερος,,ὑμετερος,Ps2s---mn---i
grc,ἡμέτερος,,Ἡμετερου,Ps1s---mg---i
grc,ἡμέτερος,,ἡμετερου,Ps1s---mg---i
grc,ἡμέτερος,,Ἡμετερου,Ps1s---ng---i
grc,ἡμέτερος,,ἡμετερου,Ps1s---ng---i
grc,ὑμέτερος,,Ὑμετερου,Ps2s---mg---i
grc,ὑμέτερος,,ὑμετερου,Ps2s---mg---i
grc,ὑμέτερος,,Ὑμετερου,Ps2s---ng---i
grc,ὑμέτερος,,ὑμετερου,Ps2s---ng---i
grc,ἡμέτερος,,Ἡμετερους,Ps1p---ma---i
grc,ἡμέτερος,,ἡμετερους,Ps1p---ma---i
grc,ὑμέτερος,,Ὑμετερους,Ps2p---ma---i
grc,ὑμέτερος,,ὑμετερους,Ps2p---ma---i
grc,ἡμέτερος,,Ἡμετερων,Ps1p---fg---i
grc,ἡμέτερος,,ἡμετερων,Ps1p---fg---i
grc,ἡμέτερος,,Ἡμετερων,Ps1p---mg---i
grc,ἡμέτερος,,ἡμετερων,Ps1p---mg---i
grc,ἡμέτερος,,Ἡμετερων,Ps1p---ng---i
grc,ἡμέτερος,,ἡμετερων,Ps1p---ng---i
grc,ὑμέτερος,,Ὑμετερων,Ps2p---fg---i
grc,ὑμέτερος,,ὑμετερων,Ps2p---fg---i
grc,ὑμέτερος,,Ὑμετερων,Ps2p---mg---i
grc,ὑμέτερος,,ὑμετερων,Ps2p---mg---i
grc,ὑμέτερος,,Ὑμετερων,Ps2p---ng---i
grc,ὑμέτερος,,ὑμετερων,Ps2p---ng---i
grc,μετρίως,,Μετριως,Df-------p--i
grc,μετρίως,,μετριως,Df-------p--i
grc,μέχρι,,Μεχρι,R-----------n
grc,μέχρι,,μεχρι,R-----------n
grc,μέχρις,,Μεχρις,R-----------n
grc,μέχρις,,μεχρις,R-----------n
grc,μήγε,,Μηγε,Df----------n
grc,μήγε,,μηγε,Df----------n
grc,μηδαμῶς,,Μηδαμως,Df----------n
grc,μηδαμῶς,,μηδαμως,Df----------n
grc,μηδείς,,Μηδεις,Px-s---mn---i
grc,μηδείς,,μηδεις,Px-s---mn---i
grc,μηδείς,,Μηδεμια,Px-s---fn---i
grc,μηδείς,,μηδεμια,Px-s---fn---i
grc,μηδείς,,Μηδεμιαν,Px-s---fa---i
grc,μηδείς,,μηδεμιαν,Px-s---fa---i
grc,μηδείς,,Μηδεν,Px-s---na---i
grc,μηδείς,,μηδεν,Px-s---na---i
grc,μηδείς,,Μηδεν,Px-s---nn---i
grc,μηδείς,,μηδεν,Px-s---nn---i
grc,μηδείς,,Μηδενα,Px-s---ma---i
grc,μηδείς,,μηδενα,Px-s---ma---i
grc,μηδείς,,Μηδενι,Px-s---md---i
grc,μηδείς,,μηδενι,Px-s---md---i
grc,μηδέ,,Μηδ’,C-----------n
grc,μηδέ,,μηδ’,C-----------n
grc,μηδέ,,Μηδε,C-----------n
grc,μηδέ,,μηδε,C-----------n
grc,μηδέποτε,,Μηδεποτε,Df----------n
grc,μηδέποτε,,μηδεποτε,Df----------n
grc,μηδέπω,,Μηδεπω,Df----------n
grc,μηδέπω,,μηδεπω,Df----------n
grc,μηκέτι,,Μηκετι,Df----------n
grc,μηκέτι,,μηκετι,Df----------n
grc,μή,,Μη,Df----------n
grc,μή,,μη,Df----------n
grc,μή,,Μη,G-----------n
grc,μή,,μη,G-----------n
grc,μήν,,Μην,Df----------n
grc,μήν,,μην,Df----------n
grc,ἀμήν,,Ἀμην,I-----------n
grc,ἀμήν,,ἀμην,I-----------n
grc,μήποτε,,Μηποτε,Df----------n
grc,μήποτε,,μηποτε,Df----------n
grc,μήποτε,,Μηποτέ,Df----------n
grc,μήποτε,,μηποτέ,Df----------n
grc,μήποτε,,Μηποτε,G-----------n
grc,μήποτε,,μηποτε,G-----------n
grc,μήποτε,,Μηποτέ,G-----------n
grc,μήποτε,,μηποτέ,G-----------n
grc,μήπου,,Μηπου,Df----------n
grc,μήπου,,μηπου,Df----------n
grc,μήπω,,Μηπω,Df----------n
grc,μήπω,,μηπω,Df----------n
grc,μήπως,,Μηπως,G-----------n
grc,μήπως,,μηπως,G-----------n
grc,μήτε,,Μητε,C-----------n
grc,μήτε,,Μητε,C-----------n
grc,μήτε,,μητε,C-----------n
grc,μήτε,,μητε,C-----------n
grc,μήτε,,Μητε,Df----------n
grc,μήτε,,μητε,Df----------n
grc,μήτιγε,,Μητιγε,Df----------n
grc,μήτιγε,,μητιγε,Df----------n
grc,μήτι,,Μητι,Df----------n
grc,μήτι,,μητι,Df----------n
grc,μόγις,,Μογις,Df----------n
grc,μόγις,,μογις,Df----------n
grc,ὁμοθυμαδόν,,Ὁμοθυμαδον,Df----------n
grc,ὁμοθυμαδόν,,ὁμοθυμαδον,Df----------n
grc,ὁμοίως,,Ὁμοιως,Df----------n
grc,ὁμοίως,,ὁμοιως,Df----------n
grc,ὁμοίως,,Ὁμοιως,Df-------p--i
grc,ὁμοίως,,ὁμοιως,Df-------p--i
grc,μόλις,,Μολις,Df----------n
grc,μόλις,,μολις,Df----------n
grc,ὁμολογουμένως,,Ὁμολογουμενως,Df-------p--i
grc,ὁμολογουμένως,,ὁμολογουμενως,Df-------p--i
grc,ὁμοῦ,,Ὁμου,Df----------n
grc,ὁμοῦ,,ὁμου,Df----------n
grc,μόνον,,Μονον,Df----------n
grc,μόνον,,μονον,Df----------n
grc,ἐμός,,Ἐμῃ,Ps1s---fd---i
grc,ἐμός,,ἐμῃ,Ps1s---fd---i
grc,ἐμός,,Ἐμῳ,Ps1s---md---i
grc,ἐμός,,ἐμῳ,Ps1s---md---i
grc,ἐμός,,Ἐμῳ,Ps1s---nd---i
grc,ἐμός,,ἐμῳ,Ps1s---nd---i
grc,ἐμός,,Ἐμα,Ps1p---na---i
grc,ἐμός,,ἐμα,Ps1p---na---i
grc,ἐμός,,Ἐμα,Ps1p---nn---i
grc,ἐμός,,ἐμα,Ps1p---nn---i
grc,ἐμός,,Ἐμαι,Ps1p---fn---i
grc,ἐμός,,ἐμαι,Ps1p---fn---i
grc,ἐμός,,Ἐμαις,Ps1p---fd---i
grc,ἐμός,,ἐμαις,Ps1p---fd---i
grc,ἐμός,,Ἐμας,Ps1p---fa---i
grc,ἐμός,,ἐμας,Ps1p---fa---i
grc,ἐμός,,Ἐμη,Ps1s---fn---i
grc,ἐμός,,ἐμη,Ps1s---fn---i
grc,ἐμός,,Ἐμην,Ps1s---fa---i
grc,ἐμός,,ἐμην,Ps1s---fa---i
grc,ἐμός,,Ἐμης,Ps1s---fg---i
grc,ἐμός,,ἐμης,Ps1s---fg---i
grc,ἐμός,,Ἐμοι,Ps1p---mn---i
grc,ἐμός,,ἐμοι,Ps1p---mn---i
grc,ἐμός,,Ἐμοις,Ps1p---md---i
grc,ἐμός,,ἐμοις,Ps1p---md---i
grc,ἐμός,,Ἐμοις,Ps1p---nd---i
grc,ἐμός,,ἐμοις,Ps1p---nd---i
grc,ἐμός,,Ἐμον,Ps1s---ma---i
grc,ἐμός,,ἐμον,Ps1s---ma---i
grc,ἐμός,,Ἐμον,Ps1s---na---i
grc,ἐμός,,ἐμον,Ps1s---na---i
grc,ἐμός,,Ἐμον,Ps1s---nn---i
grc,ἐμός,,ἐμον,Ps1s---nn---i
grc,ἐμός,,Ἐμος,Ps1s---mn---i
grc,ἐμός,,ἐμος,Ps1s---mn---i
grc,ἐμός,,Ἐμου,Ps1s---mg---i
grc,ἐμός,,ἐμου,Ps1s---mg---i
grc,ἐμός,,Ἐμου,Ps1s---ng---i
grc,ἐμός,,ἐμου,Ps1s---ng---i
grc,ἐμός,,Ἐμους,Ps1p---ma---i
grc,ἐμός,,ἐμους,Ps1p---ma---i
grc,ἐμός,,Ἐμων,Ps1p---fg---i
grc,ἐμός,,ἐμων,Ps1p---fg---i
grc,ἐμός,,Ἐμων,Ps1p---mg---i
grc,ἐμός,,ἐμων,Ps1p---mg---i
grc,ἐμός,,Ἐμων,Ps1p---ng---i
grc,ἐμός,,ἐμων,Ps1p---ng---i
grc,ἔμπροσθεν,,Ἐμπροσθεν,R-----------n
grc,ἔμπροσθεν,,ἐμπροσθεν,R-----------n
grc,ἔμπροσθεν,,Ἐμπροσθέν,R-----------n
grc,ἔμπροσθεν,,ἐμπροσθέν,R-----------n
grc,ἔμπροσθεν,,Ἐνπροσθεν,R-----------n
grc,ἔμπροσθεν,,ἐνπροσθεν,R-----------n
grc,ὅμως,,Ὁμως,Df----------n
grc,ὅμως,,ὁμως,Df----------n
grc,ἀναγκαστῶς,,Ἀναγκαστως,Df-------p--i
grc,ἀναγκαστῶς,,ἀναγκαστως,Df-------p--i
grc,Ναζαρέθ,,Ναζαρετ,Ne----------n
grc,ναί,,Ναι,Df----------n
grc,ναί,,ναι,Df----------n
grc,ναί,,Ναι,I-----------n
grc,ναί,,ναι,I-----------n
grc,ἄν,,Ἐαν,Df----------n
grc,ἄν,,ἐαν,Df----------n
grc,ἄν,,Ἐαν,G-----------n
grc,ἄν,,ἐαν,G-----------n
grc,ἵνα,,Ἱνα,G-----------n
grc,ἵνα,,ἱνα,G-----------n
grc,ἀνά,,Ἀνα,R-----------n
grc,ἀνά,,ἀνα,R-----------n
grc,ἔναντι,,Ἐναντι,R-----------n
grc,ἔναντι,,ἐναντι,R-----------n
grc,ἐναντίον,,Ἐναντιον,Df----------n
grc,ἐναντίον,,ἐναντιον,Df----------n
grc,ἐναντίον,,Ἐναντιον,R-----------n
grc,ἐναντίον,,ἐναντιον,R-----------n
grc,ἀναντιρρήτως,,Ἀναντιρρητως,Df-------p--i
grc,ἀναντιρρήτως,,ἀναντιρρητως,Df-------p--i
grc,ἀναξίως,,Ἀναξιως,Df-------p--i
grc,ἀναξίως,,ἀναξιως,Df-------p--i
grc,ἱνατί,,Ἱνατι,Df----------n
grc,ἱνατί,,ἱνατι,Df----------n
grc,ἔνατος,,Ἐνατῃ,Mo-s---fd---i
grc,ἔνατος,,ἐνατῃ,Mo-s---fd---i
grc,ἔνατος,,Ἐνατῳ,Mo-s---md---i
grc,ἔνατος,,ἐνατῳ,Mo-s---md---i
grc,ἔνατος,,Ἐνατῳ,Mo-s---nd---i
grc,ἔνατος,,ἐνατῳ,Mo-s---nd---i
grc,ἔνατος,,Ἐνατα,Mo-p---na---i
grc,ἔνατος,,ἐνατα,Mo-p---na---i
grc,ἔνατος,,Ἐνατα,Mo-p---nn---i
grc,ἔνατος,,ἐνατα,Mo-p---nn---i
grc,ἔνατος,,Ἐναται,Mo-p---fn---i
grc,ἔνατος,,ἐναται,Mo-p---fn---i
grc,ἔνατος,,Ἐναταις,Mo-p---fd---i
grc,ἔνατος,,ἐναταις,Mo-p---fd---i
grc,ἔνατος,,Ἐνατας,Mo-p---fa---i
grc,ἔνατος,,ἐνατας,Mo-p---fa---i
grc,ἔνατος,,Ἐνατη,Mo-s---fn---i
grc,ἔνατος,,ἐνατη,Mo-s---fn---i
grc,ἔνατος,,Ἐνατην,Mo-s---fa---i
grc,ἔνατος,,ἐνατην,Mo-s---fa---i
grc,ἔνατος,,Ἐνατης,Mo-s---fg---i
grc,ἔνατος,,ἐνατης,Mo-s---fg---i
grc,ἔνατος,,Ἐνατοι,Mo-p---mn---i
grc,ἔνατος,,ἐνατοι,Mo-p---mn---i
grc,ἔνατος,,Ἐνατοις,Mo-p---md---i
grc,ἔνατος,,ἐνατοις,Mo-p---md---i
grc,ἔνατος,,Ἐνατοις,Mo-p---nd---i
grc,ἔνατος,,ἐνατοις,Mo-p---nd---i
grc,ἔνατος,,Ἐνατον,Mo-s---ma---i
grc,ἔνατος,,ἐνατον,Mo-s---ma---i
grc,ἔνατος,,Ἐνατον,Mo-s---na---i
grc,ἔνατος,,ἐνατον,Mo-s---na---i
grc,ἔνατος,,Ἐνατον,Mo-s---nn---i
grc,ἔνατος,,ἐνατον,Mo-s---nn---i
grc,ἔνατος,,Ἐνατος,Mo-s---mn---i
grc,ἔνατος,,ἐνατος,Mo-s---mn---i
grc,ἔνατος,,Ἐνατου,Mo-s---mg---i
grc,ἔνατος,,ἐνατου,Mo-s---mg---i
grc,ἔνατος,,Ἐνατου,Mo-s---ng---i
grc,ἔνατος,,ἐνατου,Mo-s---ng---i
grc,ἔνατος,,Ἐνατους,Mo-p---ma---i
grc,ἔνατος,,ἐνατους,Mo-p---ma---i
grc,ἔνατος,,Ἐνατων,Mo-p---fg---i
grc,ἔνατος,,ἐνατων,Mo-p---fg---i
grc,ἔνατος,,Ἐνατων,Mo-p---mg---i
grc,ἔνατος,,ἐνατων,Mo-p---mg---i
grc,ἔνατος,,Ἐνατων,Mo-p---ng---i
grc,ἔνατος,,ἐνατων,Mo-p---ng---i
grc,ἕνδεκα,,Ἑνδεκα,Ma----------n
grc,ἕνδεκα,,ἑνδεκα,Ma----------n
grc,ἕνεκα,,Εἱνεκεν,R-----------n
grc,ἕνεκα,,εἱνεκεν,R-----------n
grc,ἕνεκα,,Ἑνεκα,R-----------n
grc,ἕνεκα,,ἑνεκα,R-----------n
grc,ἕνεκα,,Ἑνεκεν,R-----------n
grc,ἕνεκα,,ἑνεκεν,R-----------n
grc,ἐνενήκοντα,,Ἐνενηκοντα,Ma----------n
grc,ἐνενήκοντα,,ἐνενηκοντα,Ma----------n
grc,ἐνενήκοντα ἐννέα,,Ἐνενηκοντα ἐννέα,Ma----------n
grc,ἐνενήκοντα ἐννέα,,ἐνενηκοντα ἐννέα,Ma----------n
grc,ἄνευ,,Ἀνευ,R-----------n
grc,ἄνευ,,ἀνευ,R-----------n
grc,νή,,Νη,Df----------n
grc,νή,,νη,Df----------n
grc,ἐνθάδε,,Ἐνθαδε,Df----------n
grc,ἐνθάδε,,ἐνθαδε,Df----------n
grc,ἔνθεν,,Ἐνθεν,Df----------n
grc,ἔνθεν,,ἐνθεν,Df----------n
grc,ἡνίκα,,Ἡνικα,G-----------n
grc,ἡνίκα,,ἡνικα,G-----------n
grc,Νινευίτης,,Νινευειται,Ne-p---mn---i
grc,ἄν,,Ἀν,Df----------n
grc,ἄν,,ἀν,Df----------n
grc,ἄν,,Ἀν,G-----------n
grc,ἄν,,ἀν,G-----------n
grc,ἐν,,Ἐν,R-----------n
grc,ἐν,,ἐν,R-----------n
grc,ἐννέα,,Ἐννεα,Ma----------n
grc,ἐννέα,,ἐννεα,Ma----------n
grc,νῦν,,Νυν,Df----------n
grc,νῦν,,νυν,Df----------n
grc,ἔννυχα,,Ἐννυχα,Df----------n
grc,ἔννυχα,,ἐννυχα,Df----------n
grc,νομίμως,,Νομιμως,Df-------p--i
grc,νομίμως,,νομιμως,Df-------p--i
grc,ἀνόμως,,Ἀνομως,Df-------p--i
grc,ἀνόμως,,ἀνομως,Df-------p--i
grc,νουνεχῶς,,Νουνεχως,Df-------p--i
grc,νουνεχῶς,,νουνεχως,Df-------p--i
grc,ἐντεῦθεν,,Ἐντευθεν,Df----------n
grc,ἐντεῦθεν,,ἐντευθεν,Df----------n
grc,ἄντικρυς,,Ἀντικρυς,R-----------n
grc,ἄντικρυς,,ἀντικρυς,R-----------n
grc,ἀντί,,Ἀνθ’,R-----------n
grc,ἀντί,,ἀνθ’,R-----------n
grc,ἀντί,,Ἀντι,R-----------n
grc,ἀντί,,ἀντι,R-----------n
grc,ἀντιπέρα,,Ἀντιπερα,R-----------n
grc,ἀντιπέρα,,ἀντιπερα,R-----------n
grc,ἐντός,,Ἐντος,R-----------n
grc,ἐντός,,ἐντος,R-----------n
grc,ὄντως,,Ὀντως,Df----------n
grc,ὄντως,,ὀντως,Df----------n
grc,νυνί,,Νυνι,Df----------n
grc,νυνί,,νυνι,Df----------n
grc,ἄνωθεν,,Ἀνωθεν,Df----------n
grc,ἄνωθεν,,ἀνωθεν,Df----------n
grc,ἄνωθεν,,Ἀνωθέν,Df----------n
grc,ἄνωθεν,,ἀνωθέν,Df----------n
grc,ἄνω,,Ἀνω,Df----------n
grc,ἄνω,,ἀνω,Df----------n
grc,ἐνώπιον,,Ἐνωπιον,R-----------n
grc,ἐνώπιον,,ἐνωπιον,R-----------n
grc,ἐνώπιον,,Ἐνωπιόν,R-----------n
grc,ἐνώπιον,,ἐνωπιόν,R-----------n
grc,ἐξαίφνης,,Ἐξαιφνης,Df----------n
grc,ἐξαίφνης,,ἐξαιφνης,Df----------n
grc,ἐξάπινα,,Ἐξαπινα,Df----------n
grc,ἐξάπινα,,ἐξαπινα,Df----------n
grc,ἐξαυτῆς,,Ἐξαυτης,Df----------n
grc,ἐξαυτῆς,,ἐξαυτης,Df----------n
grc,ἑξήκοντα,,Ἑξηκοντα,Ma----------n
grc,ἑξήκοντα,,ἑξηκοντα,Ma----------n
grc,ἀξίως,,Ἀξιως,Df-------p--i
grc,ἀξίως,,ἀξιως,Df-------p--i
grc,ἕξ,,Ἑξ,Ma----------n
grc,ἕξ,,ἑξ,Ma----------n
grc,ἑξῆς,,Ἑξης,Df----------n
grc,ἑξῆς,,ἑξης,Df----------n
grc,ἔξωθεν,,Ἐξωθεν,R-----------n
grc,ἔξωθεν,,ἐξωθεν,R-----------n
grc,ἔξω,,Ἐξω,R-----------n
grc,ἔξω,,ἐξω,R-----------n
grc,ὁ,,Οἱ,Pp3p---mn---i
grc,ὁ,,οἱ,Pp3p---mn---i
grc,ὁ,,Οἱ,S--p---mn---i
grc,ὁ,,οἱ,S--p---mn---i
grc,ὁ,,Οἱ,S--p---mv---i
grc,ὁ,,οἱ,S--p---mv---i
grc,οὐαί,,Οὐαι,I-----------n
grc,οὐαί,,Οὐαι,I-----------n
grc,οὐαί,,οὐαι,I-----------n
grc,οὐαί,,οὐαι,I-----------n
grc,οὐά,,Οὐα,I-----------n
grc,οὐά,,οὐα,I-----------n
grc,οὐδαμῶς,,Οὐδαμως,Df----------n
grc,οὐδαμῶς,,οὐδαμως,Df----------n
grc,οὐδείς,,Οὐδεις,Px-s---mn---i
grc,οὐδείς,,οὐδεις,Px-s---mn---i
grc,οὐδείς,,Οὐδεμια,Px-s---fa---i
grc,οὐδείς,,οὐδεμια,Px-s---fa---i
grc,οὐδείς,,Οὐδεμια,Px-s---fn---i
grc,οὐδείς,,οὐδεμια,Px-s---fn---i
grc,οὐδείς,,Οὐδεν,Px-s---na---i
grc,οὐδείς,,οὐδεν,Px-s---na---i
grc,οὐδείς,,Οὐδεν,Px-s---nn---i
grc,οὐδείς,,οὐδεν,Px-s---nn---i
grc,οὐδείς,,Οὐδενα,Px-s---ma---i
grc,οὐδείς,,οὐδενα,Px-s---ma---i
grc,οὐδείς,,Οὐδενι,Px-s---nd---i
grc,οὐδείς,,οὐδενι,Px-s---nd---i
grc,οὐδείς,,Οὐδενι,Px-s---pd---i
grc,οὐδείς,,οὐδενι,Px-s---pd---i
grc,οὐδείς,,Οὐδενος,Px-s---mg---i
grc,οὐδείς,,οὐδενος,Px-s---mg---i
grc,οὐδέ,,Οὐδ’,C-----------n
grc,οὐδέ,,οὐδ’,C-----------n
grc,οὐδέ,,Οὐδ’,Df----------n
grc,οὐδέ,,οὐδ’,Df----------n
grc,οὐδέ,,Οὐδε,C-----------n
grc,οὐδέ,,οὐδε,C-----------n
grc,οὐδέ,,Οὐδε,Df----------n
grc,οὐδέ,,οὐδε,Df----------n
grc,οὐδέποτε,,Οὐδεποτε,Df----------n
grc,οὐδέποτε,,οὐδεποτε,Df----------n
grc,οὐδέπω,,Οὐδεπω,Df----------n
grc,οὐδέπω,,οὐδεπω,Df----------n
grc,ῥοιζηδόν,,Ῥοιζηδον,Df-------p--i
grc,ῥοιζηδόν,,ῥοιζηδον,Df-------p--i
grc,οὐκέτι,,Οὐκετι,Df----------n
grc,οὐκέτι,,οὐκετι,Df----------n
grc,οὐκοῦν,,Οὐκουν,Df----------n
grc,οὐκοῦν,,οὐκουν,Df----------n
grc,οὖν,,Οὐν,Df----------n
grc,οὖν,,οὐν,Df----------n
grc,οὐ,,Οὐ,Df----------n
grc,οὐ,,οὐ,Df----------n
grc,οὗ,,Οὑ,Dq----------n
grc,οὗ,,οὑ,Dq----------n
grc,οὐ,,Οὐκ,Df----------n
grc,οὐ,,οὐκ,Df----------n
grc,οἷος,,Οἱᾳ,Pr-s---fd---i
grc,οἷος,,οἱᾳ,Pr-s---fd---i
grc,οἷος,,Οἱῳ,Pr-s---md---i
grc,οἷος,,οἱῳ,Pr-s---md---i
grc,οἷος,,Οἱῳ,Pr-s---nd---i
grc,οἷος,,οἱῳ,Pr-s---nd---i
grc,οἷος,,Οἱα,Pr-p---na---i
grc,οἷος,,οἱα,Pr-p---na---i
grc,οἷος,,Οἱα,Pr-p---nn---i
grc,οἷος,,οἱα,Pr-p---nn---i
grc,οἷος,,Οἱα,Pr-s---fn---i
grc,οἷος,,οἱα,Pr-s---fn---i
grc,οἷος,,Οἱαι,Pr-p---fn---i
grc,οἷος,,οἱαι,Pr-p---fn---i
grc,οἷος,,Οἱαις,Pr-p---fd---i
grc,οἷος,,οἱαις,Pr-p---fd---i
grc,οἷος,,Οἱαν,Pr-s---fa---i
grc,οἷος,,οἱαν,Pr-s---fa---i
grc,οἷος,,Οἱας,Pr-p---fa---i
grc,οἷος,,οἱας,Pr-p---fa---i
grc,οἷος,,Οἱας,Pr-s---fg---i
grc,οἷος,,οἱας,Pr-s---fg---i
grc,οἷος,,Οἱοι,Pr-p---mn---i
grc,οἷος,,οἱοι,Pr-p---mn---i
grc,οἷος,,Οἱοις,Pr-p---md---i
grc,οἷος,,οἱοις,Pr-p---md---i
grc,οἷος,,Οἱοις,Pr-p---nd---i
grc,οἷος,,οἱοις,Pr-p---nd---i
grc,οἷος,,Οἱον,Pr-s---ma---i
grc,οἷος,,οἱον,Pr-s---ma---i
grc,οἷος,,Οἱον,Pr-s---na---i
grc,οἷος,,οἱον,Pr-s---na---i
grc,οἷος,,Οἱον,Pr-s---nn---i
grc,οἷος,,οἱον,Pr-s---nn---i
grc,οἷος,,Οἱος,Pr-s---mn---i
grc,οἷος,,οἱος,Pr-s---mn---i
grc,οἷος,,Οἱου,Pr-s---mg---i
grc,οἷος,,οἱου,Pr-s---mg---i
grc,οἷος,,Οἱου,Pr-s---ng---i
grc,οἷος,,οἱου,Pr-s---ng---i
grc,οἷος,,Οἱους,Pr-p---ma---i
grc,οἷος,,οἱους,Pr-p---ma---i
grc,οἷος,,Οἱων,Pr-p---fg---i
grc,οἷος,,οἱων,Pr-p---fg---i
grc,οἷος,,Οἱων,Pr-p---mg---i
grc,οἷος,,οἱων,Pr-p---mg---i
grc,οἷος,,Οἱων,Pr-p---ng---i
grc,οἷος,,οἱων,Pr-p---ng---i
grc,οὐ,,Οὐχ,Df----------n
grc,οὐ,,οὐχ,Df----------n
grc,οὔπω,,Οὐπω,Df----------n
grc,οὔπω,,οὐπω,Df----------n
grc,οὐρανόθεν,,Οὐρανοθεν,Df----------n
grc,οὐρανόθεν,,οὐρανοθεν,Df----------n
grc,οὔτε,,Οὐτε,C-----------n
grc,οὔτε,,οὐτε,C-----------n
grc,οὔτε,,Οὐτε,Df----------n
grc,οὔτε,,οὐτε,Df----------n
grc,οὗτος,,Αὑται,Pd-p---fn---i
grc,οὗτος,,αὑται,Pd-p---fn---i
grc,οὗτος,,Αὑταί,Pd-p---fn---i
grc,οὗτος,,αὑταί,Pd-p---fn---i
grc,οὗτος,,Αὑτη,Pd-s---fn---i
grc,οὗτος,,αὑτη,Pd-s---fn---i
grc,οὗτος,,Οὑτοι,Pd-p---mn---i
grc,οὗτος,,οὑτοι,Pd-p---mn---i
grc,οὗτος,,Οὑτοί,Pd-p---mn---i
grc,οὗτος,,οὑτοί,Pd-p---mn---i
grc,οὗτος,,Οὑτος,Pd-s---mn---i
grc,οὗτος,,οὑτος,Pd-s---mn---i
grc,οὗτος,,Οὑτός,Pd-s---mn---i
grc,οὗτος,,οὑτός,Pd-s---mn---i
grc,οὗτος,,Ταυτῃ,Pd-s---fd---i
grc,οὗτος,,ταυτῃ,Pd-s---fd---i
grc,οὗτος,,Ταυτα,Pd-p---na---i
grc,οὗτος,,ταυτα,Pd-p---na---i
grc,οὗτος,,Ταυτά,Pd-p---na---i
grc,οὗτος,,ταυτά,Pd-p---na---i
grc,οὗτος,,Ταυτα,Pd-p---nn---i
grc,οὗτος,,ταυτα,Pd-p---nn---i
grc,οὗτος,,Ταυτά,Pd-p---nn---i
grc,οὗτος,,ταυτά,Pd-p---nn---i
grc,οὗτος,,Ταυταις,Pd-p---fd---i
grc,οὗτος,,ταυταις,Pd-p---fd---i
grc,οὗτος,,Ταυτας,Pd-p---fa---i
grc,οὗτος,,ταυτας,Pd-p---fa---i
grc,οὗτος,,Ταυτην,Pd-s---fa---i
grc,οὗτος,,ταυτην,Pd-s---fa---i
grc,οὗτος,,Ταυτης,Pd-s---fg---i
grc,οὗτος,,ταυτης,Pd-s---fg---i
grc,οὗτος,,Τουτῳ,Pd-s---md---i
grc,οὗτος,,τουτῳ,Pd-s---md---i
grc,οὗτος,,Τουτῳ,Pd-s---nd---i
grc,οὗτος,,τουτῳ,Pd-s---nd---i
grc,οὗτος,,Τουτ’,Pd-s---nn---i
grc,οὗτος,,τουτ’,Pd-s---nn---i
grc,οὗτος,,Τουτο,Pd-s---na---i
grc,οὗτος,,τουτο,Pd-s---na---i
grc,οὗτος,,Τουτό,Pd-s---na---i
grc,οὗτος,,τουτό,Pd-s---na---i
grc,οὗτος,,Τουτο,Pd-s---nn---i
grc,οὗτος,,τουτο,Pd-s---nn---i
grc,οὗτος,,Τουτό,Pd-s---nn---i
grc,οὗτος,,τουτό,Pd-s---nn---i
grc,οὗτος,,Τουτοις,Pd-p---md---i
grc,οὗτος,,τουτοις,Pd-p---md---i
grc,οὗτος,,Τουτοις,Pd-p---nd---i
grc,οὗτος,,τουτοις,Pd-p---nd---i
grc,οὗτος,,Τουτον,Pd-s---ma---i
grc,οὗτος,,τουτον,Pd-s---ma---i
grc,οὗτος,,Τουτου,Pd-s---mg---i
grc,οὗτος,,τουτου,Pd-s---mg---i
grc,οὗτος,,Τουτου,Pd-s---ng---i
grc,οὗτος,,τουτου,Pd-s---ng---i
grc,οὗτος,,Τουτους,Pd-p---ma---i
grc,οὗτος,,τουτους,Pd-p---ma---i
grc,οὗτος,,Τουτων,Pd-p---fg---i
grc,οὗτος,,τουτων,Pd-p---fg---i
grc,οὗτος,,Τουτων,Pd-p---mg---i
grc,οὗτος,,τουτων,Pd-p---mg---i
grc,οὗτος,,Τουτων,Pd-p---ng---i
grc,οὗτος,,τουτων,Pd-p---ng---i
grc,οὕτω,,Οὑτω,Df----------n
grc,οὕτω,,οὑτω,Df----------n
grc,οὕτω,,Οὑτως,Df----------n
grc,οὕτω,,οὑτως,Df----------n
grc,Ἰουδαϊκῶς,,Ἰουδαϊκως,Df-------p--i
grc,οὐχί,,Οὐχι,Df----------n
grc,οὐχί,,οὐχι,Df----------n
grc,παιδιόθεν,,Παιδιοθεν,Df----------n
grc,παιδιόθεν,,παιδιοθεν,Df----------n
grc,πάλαι,,Παλαι,Df----------n
grc,πάλαι,,παλαι,Df----------n
grc,πάλιν,,Παλιν,Df----------n
grc,πάλιν,,παλιν,Df----------n
grc,πάλιν,,Παλιν,Df-------p--i
grc,πάλιν,,παλιν,Df-------p--i
grc,Παῦλος,,Παυλῳ,Ne-s---md---i
grc,Παῦλος,,Παυλε,Ne-s---mv---i
grc,Παῦλος,,Παυλον,Ne-s---ma---i
grc,Παῦλος,,Παυλος,Ne-s---mn---i
grc,Παῦλος,,Παυλου,Ne-s---mg---i
grc,παμπληθεί,,Παμπληθει,Df----------n
grc,παμπληθεί,,παμπληθει,Df----------n
grc,ἐπάναγκες,,Ἐπαναγκες,Df-------p--i
grc,ἐπάναγκες,,ἐπαναγκες,Df-------p--i
grc,πανοικεί,,Πανοικει,Df----------n
grc,πανοικεί,,πανοικει,Df----------n
grc,ἐπάν,,Ἐπαν,G-----------n
grc,ἐπάν,,ἐπαν,G-----------n
grc,πανταχοῦ,,Πανταχου,Df----------n
grc,πανταχοῦ,,πανταχου,Df----------n
grc,πανταχῇ,,Πανταχῃ,Df----------n
grc,πανταχῇ,,πανταχῃ,Df----------n
grc,πάντοθεν,,Παντοθεν,Df----------n
grc,πάντοθεν,,παντοθεν,Df----------n
grc,πάντοτε,,Παντοτε,Df----------n
grc,πάντοτε,,παντοτε,Df----------n
grc,πάντοτε,,Παντοτέ,Df----------n
grc,πάντοτε,,παντοτέ,Df----------n
grc,πάντῃ,,Παντῃ,Df----------n
grc,πάντῃ,,παντῃ,Df----------n
grc,πάντως,,Παντως,Df----------n
grc,πάντως,,παντως,Df----------n
grc,ἐπάνω,,Ἐπανω,R-----------n
grc,ἐπάνω,,ἐπανω,R-----------n
grc,ἅπαξ,,Ἁπαξ,Df----------n
grc,ἅπαξ,,ἁπαξ,Df----------n
grc,παρά,,Παρ’,R-----------n
grc,παρά,,παρ’,R-----------n
grc,παρά,,Παρα,R-----------n
grc,παρά,,παρα,R-----------n
grc,παραπλήσιον,,Παραπλησιον,Df----------n
grc,παραπλήσιον,,παραπλησιον,Df----------n
grc,παραπλησίως,,Παραπλησιως,Df----------n
grc,παραπλησίως,,παραπλησιως,Df----------n
grc,παραυτίκα,,Παραυτικα,Df----------n
grc,παραυτίκα,,παραυτικα,Df----------n
grc,παραχρῆμα,,Παραχρημα,Df----------n
grc,παραχρῆμα,,παραχρημα,Df----------n
grc,παραχρῆμα,,Παραχρημά,Df----------n
grc,παραχρῆμα,,παραχρημά,Df----------n
grc,παρεκτός,,Παρεκτος,R-----------n
grc,παρεκτός,,παρεκτος,R-----------n
grc,ἀπάρτι,,Ἀπαρτι,Df----------n
grc,ἀπάρτι,,ἀπαρτι,Df----------n
grc,ἅπας,,Ἁπαν,Px-s---na---i
grc,ἅπας,,ἁπαν,Px-s---na---i
grc,ἅπας,,Ἁπαν,Px-s---nn---i
grc,ἅπας,,ἁπαν,Px-s---nn---i
grc,ἅπας,,Ἁπαντα,Px-p---na---i
grc,ἅπας,,ἁπαντα,Px-p---na---i
grc,ἅπας,,Ἁπαντα,Px-p---nn---i
grc,ἅπας,,ἁπαντα,Px-p---nn---i
grc,ἅπας,,Ἁπαντα,Px-s---ma---i
grc,ἅπας,,ἁπαντα,Px-s---ma---i
grc,ἅπας,,Ἁπαντας,Px-p---ma---i
grc,ἅπας,,ἁπαντας,Px-p---ma---i
grc,ἅπας,,Ἁπαντες,Px-p---mn---i
grc,ἅπας,,ἁπαντες,Px-p---mn---i
grc,ἅπας,,Ἁπαντι,Px-s---md---i
grc,ἅπας,,ἁπαντι,Px-s---md---i
grc,ἅπας,,Ἁπαντι,Px-s---nd---i
grc,ἅπας,,ἁπαντι,Px-s---nd---i
grc,ἅπας,,Ἁπαντος,Px-s---mg---i
grc,ἅπας,,ἁπαντος,Px-s---mg---i
grc,ἅπας,,Ἁπαντος,Px-s---ng---i
grc,ἅπας,,ἁπαντος,Px-s---ng---i
grc,ἅπας,,Ἁπαντων,Px-p---mg---i
grc,ἅπας,,ἁπαντων,Px-p---mg---i
grc,ἅπας,,Ἁπαντων,Px-p---ng---i
grc,ἅπας,,ἁπαντων,Px-p---ng---i
grc,ἅπας,,Ἁπασῃ,Px-s---fd---i
grc,ἅπας,,ἁπασῃ,Px-s---fd---i
grc,ἅπας,,Ἁπας,Px-s---mn---i
grc,ἅπας,,ἁπας,Px-s---mn---i
grc,ἅπας,,Ἁπασα,Px-s---fn---i
grc,ἅπας,,ἁπασα,Px-s---fn---i
grc,ἅπας,,Ἁπασαι,Px-p---fn---i
grc,ἅπας,,ἁπασαι,Px-p---fn---i
grc,ἅπας,,Ἁπασαις,Px-p---fd---i
grc,ἅπας,,ἁπασαις,Px-p---fd---i
grc,ἅπας,,Ἁπασαν,Px-s---fa---i
grc,ἅπας,,ἁπασαν,Px-s---fa---i
grc,ἅπας,,Ἁπασας,Px-p---fa---i
grc,ἅπας,,ἁπασας,Px-p---fa---i
grc,ἅπας,,Ἁπασης,Px-s---fg---i
grc,ἅπας,,ἁπασης,Px-s---fg---i
grc,ἅπας,,Ἁπασι,Px-p---md---i
grc,ἅπας,,ἁπασι,Px-p---md---i
grc,ἅπας,,Ἁπασι,Px-p---nd---i
grc,ἅπας,,ἁπασι,Px-p---nd---i
grc,ἅπας,,Ἁπασων,Px-p---fg---i
grc,ἅπας,,ἁπασων,Px-p---fg---i
grc,πάσχα,,Πασχα,Nb----------n
grc,πάσχα,,πασχα,Nb----------n
grc,ἐπαύριον,,Ἐπαυριον,Df----------n
grc,ἐπαύριον,,ἐπαυριον,Df----------n
grc,ἐπαυτοφώρῳ,,Ἐπαυτοφωρῳ,Df-------p--i
grc,ἐπαυτοφώρῳ,,ἐπαυτοφωρῳ,Df-------p--i
grc,πεζῇ,,Πεζῃ,Df----------n
grc,πεζῇ,,πεζῃ,Df----------n
grc,ἐπειδή,,Ἐπειδη,G-----------n
grc,ἐπειδή,,ἐπειδη,G-----------n
grc,ἐπειδήπερ,,Ἐπειδηπερ,G-----------n
grc,ἐπειδήπερ,,ἐπειδηπερ,G-----------n
grc,ἐπεί,,Ἐπει,G-----------n
grc,ἐπεί,,ἐπει,G-----------n
grc,ἔπειτα,,Ἐπειτα,Df----------n
grc,ἔπειτα,,ἐπειτα,Df----------n
grc,ἐπέκεινα,,Ἐπεκεινα,Df----------n
grc,ἐπέκεινα,,ἐπεκεινα,Df----------n
grc,ἀπέναντι,,Ἀπεναντι,R-----------n
grc,ἀπέναντι,,ἀπεναντι,R-----------n
grc,πεντακισχίλιοι,,Πεντακισχιλιοι,Ma-p---mn---i
grc,πεντακισχίλιοι,,πεντακισχιλιοι,Ma-p---mn---i
grc,πεντακισχίλιοι,,Πεντακισχιλιους,Ma-p---ma---i
grc,πεντακισχίλιοι,,πεντακισχιλιους,Ma-p---ma---i
grc,πεντακισχίλιοι,,Πεντακισχιλιων,Ma-p---mg---i
grc,πεντακισχίλιοι,,πεντακισχιλιων,Ma-p---mg---i
grc,πεντεκαιδέκατος,,Πεντεκαιδεκατῃ,Mo-s---fd---i
grc,πεντεκαιδέκατος,,πεντεκαιδεκατῃ,Mo-s---fd---i
grc,πεντεκαιδέκατος,,Πεντεκαιδεκατῳ,Mo-s---md---i
grc,πεντεκαιδέκατος,,πεντεκαιδεκατῳ,Mo-s---md---i
grc,πεντεκαιδέκατος,,Πεντεκαιδεκατῳ,Mo-s---nd---i
grc,πεντεκαιδέκατος,,πεντεκαιδεκατῳ,Mo-s---nd---i
grc,πεντεκαιδέκατος,,Πεντεκαιδεκατα,Mo-p---na---i
grc,πεντεκαιδέκατος,,πεντεκαιδεκατα,Mo-p---na---i
grc,πεντεκαιδέκατος,,Πεντεκαιδεκατα,Mo-p---nn---i
grc,πεντεκαιδέκατος,,πεντεκαιδεκατα,Mo-p---nn---i
grc,πεντεκαιδέκατος,,Πεντεκαιδεκαται,Mo-p---fn---i
grc,πεντεκαιδέκατος,,πεντεκαιδεκαται,Mo-p---fn---i
grc,πεντεκαιδέκατος,,Πεντεκαιδεκαταις,Mo-p---fd---i
grc,πεντεκαιδέκατος,,πεντεκαιδεκαταις,Mo-p---fd---i
grc,πεντεκαιδέκατος,,Πεντεκαιδεκατας,Mo-p---fa---i
grc,πεντεκαιδέκατος,,πεντεκαιδεκατας,Mo-p---fa---i
grc,πεντεκαιδέκατος,,Πεντεκαιδεκατη,Mo-s---fn---i
grc,πεντεκαιδέκατος,,πεντεκαιδεκατη,Mo-s---fn---i
grc,πεντεκαιδέκατος,,Πεντεκαιδεκατην,Mo-s---fa---i
grc,πεντεκαιδέκατος,,πεντεκαιδεκατην,Mo-s---fa---i
grc,πεντεκαιδέκατος,,Πεντεκαιδεκατης,Mo-s---fg---i
grc,πεντεκαιδέκατος,,πεντεκαιδεκατης,Mo-s---fg---i
grc,πεντεκαιδέκατος,,Πεντεκαιδεκατοι,Mo-p---mn---i
grc,πεντεκαιδέκατος,,πεντεκαιδεκατοι,Mo-p---mn---i
grc,πεντεκαιδέκατος,,Πεντεκαιδεκατοις,Mo-p---md---i
grc,πεντεκαιδέκατος,,πεντεκαιδεκατοις,Mo-p---md---i
grc,πεντεκαιδέκατος,,Πεντεκαιδεκατοις,Mo-p---nd---i
grc,πεντεκαιδέκατος,,πεντεκαιδεκατοις,Mo-p---nd---i
grc,πεντεκαιδέκατος,,Πεντεκαιδεκατον,Mo-s---ma---i
grc,πεντεκαιδέκατος,,πεντεκαιδεκατον,Mo-s---ma---i
grc,πεντεκαιδέκατος,,Πεντεκαιδεκατον,Mo-s---na---i
grc,πεντεκαιδέκατος,,πεντεκαιδεκατον,Mo-s---na---i
grc,πεντεκαιδέκατος,,Πεντεκαιδεκατον,Mo-s---nn---i
grc,πεντεκαιδέκατος,,πεντεκαιδεκατον,Mo-s---nn---i
grc,πεντεκαιδέκατος,,Πεντεκαιδεκατος,Mo-s---mn---i
grc,πεντεκαιδέκατος,,πεντεκαιδεκατος,Mo-s---mn---i
grc,πεντεκαιδέκατος,,Πεντεκαιδεκατου,Mo-s---mg---i
grc,πεντεκαιδέκατος,,πεντεκαιδεκατου,Mo-s---mg---i
grc,πεντεκαιδέκατος,,Πεντεκαιδεκατου,Mo-s---ng---i
grc,πεντεκαιδέκατος,,πεντεκαιδεκατου,Mo-s---ng---i
grc,πεντεκαιδέκατος,,Πεντεκαιδεκατους,Mo-p---ma---i
grc,πεντεκαιδέκατος,,πεντεκαιδεκατους,Mo-p---ma---i
grc,πεντεκαιδέκατος,,Πεντεκαιδεκατων,Mo-p---fg---i
grc,πεντεκαιδέκατος,,πεντεκαιδεκατων,Mo-p---fg---i
grc,πεντεκαιδέκατος,,Πεντεκαιδεκατων,Mo-p---mg---i
grc,πεντεκαιδέκατος,,πεντεκαιδεκατων,Mo-p---mg---i
grc,πεντεκαιδέκατος,,Πεντεκαιδεκατων,Mo-p---ng---i
grc,πεντεκαιδέκατος,,πεντεκαιδεκατων,Mo-p---ng---i
grc,πέντε,,Πεντε,Ma----------n
grc,πέντε,,πεντε,Ma----------n
grc,πεντήκοντα,,Πεντηκοντα,Ma----------n
grc,πεντήκοντα,,πεντηκοντα,Ma----------n
grc,πέραν,,Περαν,Df----------n
grc,πέραν,,περαν,Df----------n
grc,ὑπεράνω,,Ὑπερανω,R-----------n
grc,ὑπεράνω,,ὑπερανω,R-----------n
grc,ὑπερβαλλόντως,,Ὑπερβαλλοντως,Df-------p--i
grc,ὑπερβαλλόντως,,ὑπερβαλλοντως,Df-------p--i
grc,ὑπερέκεινα,,Ὑπερεκεινα,R-----------n
grc,ὑπερέκεινα,,ὑπερεκεινα,R-----------n
grc,ὑπερεκπερισσοῦ,,Ὑπερεκπερισσου,Df----------n
grc,ὑπερεκπερισσοῦ,,ὑπερεκπερισσου,Df----------n
grc,πέριξ,,Περιξ,Df----------n
grc,πέριξ,,περιξ,Df----------n
grc,περί,,Περι,R-----------n
grc,περί,,περι,R-----------n
grc,ἀπερισπάστως,,Ἀπερισπαστως,Df-------p--i
grc,ἀπερισπάστως,,ἀπερισπαστως,Df-------p--i
grc,περισσῶς,,Περισσοτερον,Df-------c--i
grc,περισσῶς,,περισσοτερον,Df-------c--i
grc,περισσῶς,,Περισσοτερως,Df-------c--i
grc,περισσῶς,,περισσοτερως,Df-------c--i
grc,περισσῶς,,Περισσως,Df----------n
grc,περισσῶς,,περισσως,Df----------n
grc,περισσῶς,,Περισσως,Df-------p--i
grc,περισσῶς,,περισσως,Df-------p--i
grc,ὑπερλίαν,,Ὑπερλιαν,Df----------n
grc,ὑπερλίαν,,ὑπερλιαν,Df----------n
grc,ἤπερ,,Ἠπερ,Df----------n
grc,ἤπερ,,ἠπερ,Df----------n
grc,ὑπέρ,,Ὑπερ,R-----------n
grc,ὑπέρ,,ὑπερ,R-----------n
grc,ὑπερπερισσῶς,,Ὑπερπερισσως,Df-------c--i
grc,ὑπερπερισσῶς,,ὑπερπερισσως,Df-------c--i
grc,πέρυσι,,Περυσι,Df----------n
grc,πέρυσι,,περυσι,Df----------n
grc,Πέτρος,,Πετρον,Ne-s---ma---i
grc,Πέτρος,,Πετρος,Ne-s---mn---i
grc,Πέτρος,,Πετρου,Ne-s---mg---i
grc,πικρῶς,,Πικρως,Df-------p--i
grc,πικρῶς,,πικρως,Df-------p--i
grc,ἐπιμελῶς,,Ἐπιμελως,Df-------p--i
grc,ἐπιμελῶς,,ἐπιμελως,Df-------p--i
grc,ἐπί,,Ἐπ’,R-----------n
grc,ἐπί,,ἐπ’,R-----------n
grc,ἐπί,,Ἐπι,R-----------n
grc,ἐπί,,ἐπι,R-----------n
grc,ἐπί,,Ἐπι,R-----------n
grc,ἐπί,,ἐπι,R-----------n
grc,ὄπισθεν,,Ὀπισθεν,R-----------n
grc,ὄπισθεν,,ὀπισθεν,R-----------n
grc,ὀπίσω,,Ὀπισω,Df----------n
grc,ὀπίσω,,ὀπισω,Df----------n
grc,ὀπίσω,,Ὀπισω,R-----------n
grc,ὀπίσω,,ὀπισω,R-----------n
grc,ἐπί,,Ἐφ’,R-----------n
grc,ἐπί,,ἐφ’,R-----------n
grc,πλήν,,Πλην,Df----------n
grc,πλήν,,πλην,Df----------n
grc,πλήν,,Πλην,R-----------n
grc,πλήν,,πλην,R-----------n
grc,πλησίον,,Πλησιον,Df----------n
grc,πλησίον,,πλησιον,Df----------n
grc,πλουσίως,,Πλουσιως,Df-------p--i
grc,πλουσίως,,πλουσιως,Df-------p--i
grc,ἁπλῶς,,Ἁπλως,Df-------p--i
grc,ἁπλῶς,,ἁπλως,Df-------p--i
grc,πνευματικῶς,,Πνευματικως,Df-------p--i
grc,πνευματικῶς,,πνευματικως,Df-------p--i
grc,πόθεν,,Ποθεν,Du----------n
grc,πόθεν,,ποθεν,Du----------n
grc,ὑποκάτω,,Ὑποκατω,Df----------n
grc,ὑποκάτω,,ὑποκατω,Df----------n
grc,ὑποκάτω,,Ὑποκατω,R-----------n
grc,ὑποκάτω,,ὑποκατω,R-----------n
grc,πολλάκις,,Πολλακις,Df----------n
grc,πολλάκις,,πολλακις,Df----------n
grc,πολυμερῶς,,Πολυμερως,Df-------p--i
grc,πολυμερῶς,,πολυμερως,Df-------p--i
grc,πολυτρόπως,,Πολυτροπως,Df-------p--i
grc,πολυτρόπως,,πολυτροπως,Df-------p--i
grc,ποῖος,,Ποιᾳ,Pi-s---fd---i
grc,ποῖος,,ποιᾳ,Pi-s---fd---i
grc,ποῖος,,Ποιῳ,Pi-s---md---i
grc,ποῖος,,ποιῳ,Pi-s---md---i
grc,ποῖος,,Ποιῳ,Pi-s---nd---i
grc,ποῖος,,ποιῳ,Pi-s---nd---i
grc,ποῖος,,Ποια,Pi-p---na---i
grc,ποῖος,,ποια,Pi-p---na---i
grc,ποῖος,,Ποια,Pi-p---nn---i
grc,ποῖος,,ποια,Pi-p---nn---i
grc,ποῖος,,Ποια,Pi-s---fn---i
grc,ποῖος,,ποια,Pi-s---fn---i
grc,ποῖος,,Ποιαι,Pi-p---fn---i
grc,ποῖος,,ποιαι,Pi-p---fn---i
grc,ποῖος,,Ποιαις,Pi-p---fd---i
grc,ποῖος,,ποιαις,Pi-p---fd---i
grc,ποῖος,,Ποιαν,Pi-s---fa---i
grc,ποῖος,,ποιαν,Pi-s---fa---i
grc,ποῖος,,Ποιας,Pi-p---fa---i
grc,ποῖος,,ποιας,Pi-p---fa---i
grc,ποῖος,,Ποιας,Pi-s---fg---i
grc,ποῖος,,ποιας,Pi-s---fg---i
grc,ποῖος,,Ποιοι,Pi-p---mn---i
grc,ποῖος,,ποιοι,Pi-p---mn---i
grc,ποῖος,,Ποιοις,Pi-p---md---i
grc,ποῖος,,ποιοις,Pi-p---md---i
grc,ποῖος,,Ποιοις,Pi-p---nd---i
grc,ποῖος,,ποιοις,Pi-p---nd---i
grc,ποῖος,,Ποιον,Pi-s---ma---i
grc,ποῖος,,ποιον,Pi-s---ma---i
grc,ποῖος,,Ποιον,Pi-s---na---i
grc,ποῖος,,ποιον,Pi-s---na---i
grc,ποῖος,,Ποιον,Pi-s---nn---i
grc,ποῖος,,ποιον,Pi-s---nn---i
grc,ποῖος,,Ποιος,Pi-s---mn---i
grc,ποῖος,,ποιος,Pi-s---mn---i
grc,ποῖος,,Ποιου,Pi-s---mg---i
grc,ποῖος,,ποιου,Pi-s---mg---i
grc,ποῖος,,Ποιου,Pi-s---ng---i
grc,ποῖος,,ποιου,Pi-s---ng---i
grc,ποῖος,,Ποιους,Pi-p---ma---i
grc,ποῖος,,ποιους,Pi-p---ma---i
grc,ποῖος,,Ποιων,Pi-p---fg---i
grc,ποῖος,,ποιων,Pi-p---fg---i
grc,ποῖος,,Ποιων,Pi-p---mg---i
grc,ποῖος,,ποιων,Pi-p---mg---i
grc,ποῖος,,Ποιων,Pi-p---ng---i
grc,ποῖος,,ποιων,Pi-p---ng---i
grc,ἀπό,,Ἀπ’,R-----------n
grc,ἀπό,,ἀπ’,R-----------n
grc,ὑπό,,Ὑπ’,R-----------n
grc,ὑπό,,ὑπ’,R-----------n
grc,ἀπό,,Ἀπο,R-----------n
grc,ἀπό,,ἀπο,R-----------n
grc,ὑπό,,Ὑπο,R-----------n
grc,ὑπό,,ὑπο,R-----------n
grc,ποῦ,,Που,Du----------n
grc,ποῦ,,που,Du----------n
grc,πόρρωθεν,,Πορρωθεν,Df----------n
grc,πόρρωθεν,,πορρωθεν,Df----------n
grc,πόρρω,,Πορρω,Df----------n
grc,πόρρω,,πορρω,Df----------n
grc,πόρρω,,Πορρω,Df-------p--i
grc,πόρρω,,πορρω,Df-------p--i
grc,πόρρω,,Πορρωτερω,Df-------c--i
grc,πόρρω,,πορρωτερω,Df-------c--i
grc,ποσάκις,,Ποσακις,Df----------n
grc,ποσάκις,,ποσακις,Df----------n
grc,πόσος,,Ποσῃ,Pi-s---fd---i
grc,πόσος,,ποσῃ,Pi-s---fd---i
grc,πόσος,,Ποσῳ,Pi-s---md---i
grc,πόσος,,ποσῳ,Pi-s---md---i
grc,πόσος,,Ποσῳ,Pi-s---nd---i
grc,πόσος,,ποσῳ,Pi-s---nd---i
grc,πόσος,,Ποσα,Pi-p---na---i
grc,πόσος,,ποσα,Pi-p---na---i
grc,πόσος,,Ποσα,Pi-p---nn---i
grc,πόσος,,ποσα,Pi-p---nn---i
grc,πόσος,,Ποσαι,Pi-p---fn---i
grc,πόσος,,ποσαι,Pi-p---fn---i
grc,πόσος,,Ποσαις,Pi-p---fd---i
grc,πόσος,,ποσαις,Pi-p---fd---i
grc,πόσος,,Ποσας,Pi-p---fa---i
grc,πόσος,,ποσας,Pi-p---fa---i
grc,πόσος,,Ποση,Pi-s---fn---i
grc,πόσος,,ποση,Pi-s---fn---i
grc,πόσος,,Ποσην,Pi-s---fa---i
grc,πόσος,,ποσην,Pi-s---fa---i
grc,πόσος,,Ποσης,Pi-s---fg---i
grc,πόσος,,ποσης,Pi-s---fg---i
grc,πόσος,,Ποσοι,Pi-p---mn---i
grc,πόσος,,ποσοι,Pi-p---mn---i
grc,πόσος,,Ποσοις,Pi-p---md---i
grc,πόσος,,ποσοις,Pi-p---md---i
grc,πόσος,,Ποσοις,Pi-p---nd---i
grc,πόσος,,ποσοις,Pi-p---nd---i
grc,πόσος,,Ποσον,Pi-s---ma---i
grc,πόσος,,ποσον,Pi-s---ma---i
grc,πόσος,,Ποσον,Pi-s---na---i
grc,πόσος,,ποσον,Pi-s---na---i
grc,πόσος,,Ποσον,Pi-s---nn---i
grc,πόσος,,ποσον,Pi-s---nn---i
grc,πόσος,,Ποσος,Pi-s---mn---i
grc,πόσος,,ποσος,Pi-s---mn---i
grc,πόσος,,Ποσου,Pi-s---mg---i
grc,πόσος,,ποσου,Pi-s---mg---i
grc,πόσος,,Ποσου,Pi-s---ng---i
grc,πόσος,,ποσου,Pi-s---ng---i
grc,πόσος,,Ποσους,Pi-p---ma---i
grc,πόσος,,ποσους,Pi-p---ma---i
grc,πόσος,,Ποσων,Pi-p---fg---i
grc,πόσος,,ποσων,Pi-p---fg---i
grc,πόσος,,Ποσων,Pi-p---mg---i
grc,πόσος,,ποσων,Pi-p---mg---i
grc,πόσος,,Ποσων,Pi-p---ng---i
grc,πόσος,,ποσων,Pi-p---ng---i
grc,ποταπός,,Ποταπῃ,Pi-s---fd---i
grc,ποταπός,,ποταπῃ,Pi-s---fd---i
grc,ποταπός,,Ποταπῳ,Pi-s---md---i
grc,ποταπός,,ποταπῳ,Pi-s---md---i
grc,ποταπός,,Ποταπῳ,Pi-s---nd---i
grc,ποταπός,,ποταπῳ,Pi-s---nd---i
grc,ποταπός,,Ποταπα,Pi-p---na---i
grc,ποταπός,,ποταπα,Pi-p---na---i
grc,ποταπός,,Ποταπα,Pi-p---nn---i
grc,ποταπός,,ποταπα,Pi-p---nn---i
grc,ποταπός,,Ποταπαι,Pi-p---fn---i
grc,ποταπός,,ποταπαι,Pi-p---fn---i
grc,ποταπός,,Ποταπαις,Pi-p---fd---i
grc,ποταπός,,ποταπαις,Pi-p---fd---i
grc,ποταπός,,Ποταπας,Pi-p---fa---i
grc,ποταπός,,ποταπας,Pi-p---fa---i
grc,ποταπός,,Ποταπη,Pi-s---fn---i
grc,ποταπός,,ποταπη,Pi-s---fn---i
grc,ποταπός,,Ποταπην,Pi-s---fa---i
grc,ποταπός,,ποταπην,Pi-s---fa---i
grc,ποταπός,,Ποταπης,Pi-s---fg---i
grc,ποταπός,,ποταπης,Pi-s---fg---i
grc,ποταπός,,Ποταποι,Pi-p---mn---i
grc,ποταπός,,ποταποι,Pi-p---mn---i
grc,ποταπός,,Ποταποις,Pi-p---md---i
grc,ποταπός,,ποταποις,Pi-p---md---i
grc,ποταπός,,Ποταποις,Pi-p---nd---i
grc,ποταπός,,ποταποις,Pi-p---nd---i
grc,ποταπός,,Ποταπον,Pi-s---ma---i
grc,ποταπός,,ποταπον,Pi-s---ma---i
grc,ποταπός,,Ποταπον,Pi-s---na---i
grc,ποταπός,,ποταπον,Pi-s---na---i
grc,ποταπός,,Ποταπον,Pi-s---nn---i
grc,ποταπός,,ποταπον,Pi-s---nn---i
grc,ποταπός,,Ποταπος,Pi-s---mn---i
grc,ποταπός,,ποταπος,Pi-s---mn---i
grc,ποταπός,,Ποταπου,Pi-s---mg---i
grc,ποταπός,,ποταπου,Pi-s---mg---i
grc,ποταπός,,Ποταπου,Pi-s---ng---i
grc,ποταπός,,ποταπου,Pi-s---ng---i
grc,ποταπός,,Ποταπους,Pi-p---ma---i
grc,ποταπός,,ποταπους,Pi-p---ma---i
grc,ποταπός,,Ποταπων,Pi-p---fg---i
grc,ποταπός,,ποταπων,Pi-p---fg---i
grc,ποταπός,,Ποταπων,Pi-p---mg---i
grc,ποταπός,,ποταπων,Pi-p---mg---i
grc,ποταπός,,Ποταπων,Pi-p---ng---i
grc,ποταπός,,ποταπων,Pi-p---ng---i
grc,ποτε,,Ποτε,Df----------n
grc,ποτε,,Ποτε,Df----------n
grc,ποτε,,ποτε,Df----------n
grc,ποτε,,ποτε,Df----------n
grc,πότε,,Ποτε,Du----------n
grc,πότε,,ποτε,Du----------n
grc,ὁπότε,,Ὁποτε,G-----------n
grc,ὁπότε,,ὁποτε,G-----------n
grc,πότερον,,Ποτερον,Df----------n
grc,πότερον,,ποτερον,Df----------n
grc,ἀποτόμως,,Ἀποτομως,Df-------p--i
grc,ἀποτόμως,,ἀποτομως,Df-------p--i
grc,που,,Που,Df----------n
grc,που,,Που,Df----------n
grc,που,,που,Df----------n
grc,που,,που,Df----------n
grc,ὅπου,,Ὁπου,Dq----------n
grc,ὅπου,,ὁπου,Dq----------n
grc,ὅπου,,Ὁπου,G-----------n
grc,ὅπου,,ὁπου,G-----------n
grc,ἀπό,,Ἀφ’,R-----------n
grc,ἀπό,,ἀφ’,R-----------n
grc,πρίν,,Πριν,Df----------n
grc,πρίν,,πριν,Df----------n
grc,πρίν,,Πριν,G-----------n
grc,πρίν,,πριν,G-----------n
grc,πρίν,,Πριν,R-----------n
grc,πρίν,,πριν,R-----------n
grc,προθύμως,,Προθυμως,Df-------p--i
grc,προθύμως,,προθυμως,Df-------p--i
grc,πρό,,Προ,R-----------n
grc,πρό,,προ,R-----------n
grc,πρός,,Προς,R-----------n
grc,πρός,,Προς,R-----------n
grc,πρός,,προς,R-----------n
grc,πρός,,προς,R-----------n
grc,προσφάτως,,Προσφατως,Df-------p--i
grc,προσφάτως,,προσφατως,Df-------p--i
grc,ἀπροσωπολήμπτως,,Ἀπροσωπολημπτως,Df-------p--i
grc,ἀπροσωπολήμπτως,,ἀπροσωπολημπτως,Df-------p--i
grc,πρότερον,,Προτερον,Df-------c--i
grc,πρότερον,,προτερον,Df-------c--i
grc,πρῶτον,,Πρωτον,Df-------s--i
grc,πρῶτον,,πρωτον,Df-------s--i
grc,πρῶτος,,Πρωτῃ,Mo-s---fd---i
grc,πρῶτος,,πρωτῃ,Mo-s---fd---i
grc,πρῶτος,,Πρωτῳ,Mo-s---md---i
grc,πρῶτος,,πρωτῳ,Mo-s---md---i
grc,πρῶτος,,Πρωτῳ,Mo-s---nd---i
grc,πρῶτος,,πρωτῳ,Mo-s---nd---i
grc,πρῶτος,,Πρωτα,Mo-p---na---i
grc,πρῶτος,,πρωτα,Mo-p---na---i
grc,πρῶτος,,Πρωτα,Mo-p---nn---i
grc,πρῶτος,,πρωτα,Mo-p---nn---i
grc,πρῶτος,,Πρωται,Mo-p---fn---i
grc,πρῶτος,,πρωται,Mo-p---fn---i
grc,πρῶτος,,Πρωταις,Mo-p---fd---i
grc,πρῶτος,,πρωταις,Mo-p---fd---i
grc,πρῶτος,,Πρωτας,Mo-p---fa---i
grc,πρῶτος,,πρωτας,Mo-p---fa---i
grc,πρῶτος,,Πρωτη,Mo-s---fn---i
grc,πρῶτος,,πρωτη,Mo-s---fn---i
grc,πρῶτος,,Πρωτην,Mo-s---fa---i
grc,πρῶτος,,πρωτην,Mo-s---fa---i
grc,πρῶτος,,Πρωτης,Mo-s---fg---i
grc,πρῶτος,,πρωτης,Mo-s---fg---i
grc,πρῶτος,,Πρωτοι,Mo-p---mn---i
grc,πρῶτος,,πρωτοι,Mo-p---mn---i
grc,πρῶτος,,Πρωτοις,Mo-p---md---i
grc,πρῶτος,,πρωτοις,Mo-p---md---i
grc,πρῶτος,,Πρωτοις,Mo-p---nd---i
grc,πρῶτος,,πρωτοις,Mo-p---nd---i
grc,πρῶτος,,Πρωτον,Mo-s---ma---i
grc,πρῶτος,,πρωτον,Mo-s---ma---i
grc,πρῶτος,,Πρωτον,Mo-s---na---i
grc,πρῶτος,,πρωτον,Mo-s---na---i
grc,πρῶτος,,Πρωτον,Mo-s---nn---i
grc,πρῶτος,,πρωτον,Mo-s---nn---i
grc,πρῶτος,,Πρωτος,Mo-s---mn---i
grc,πρῶτος,,πρωτος,Mo-s---mn---i
grc,πρῶτος,,Πρωτου,Mo-s---mg---i
grc,πρῶτος,,πρωτου,Mo-s---mg---i
grc,πρῶτος,,Πρωτου,Mo-s---ng---i
grc,πρῶτος,,πρωτου,Mo-s---ng---i
grc,πρῶτος,,Πρωτους,Mo-p---ma---i
grc,πρῶτος,,πρωτους,Mo-p---ma---i
grc,πρῶτος,,Πρωτων,Mo-p---fg---i
grc,πρῶτος,,πρωτων,Mo-p---fg---i
grc,πρῶτος,,Πρωτων,Mo-p---mg---i
grc,πρῶτος,,πρωτων,Mo-p---mg---i
grc,πρῶτος,,Πρωτων,Mo-p---ng---i
grc,πρῶτος,,πρωτων,Mo-p---ng---i
grc,πρωΐ,,Πρωϊ,Df----------n
grc,πρωΐ,,πρωϊ,Df----------n
grc,πρώτως,,Πρωτως,Df-------s--i
grc,πρώτως,,πρωτως,Df-------s--i
grc,πᾶς,,Παν,Px-s---na---i
grc,πᾶς,,παν,Px-s---na---i
grc,πᾶς,,Παν,Px-s---nn---i
grc,πᾶς,,παν,Px-s---nn---i
grc,πᾶς,,Παντα,Px-p---na---i
grc,πᾶς,,παντα,Px-p---na---i
grc,πᾶς,,Παντα,Px-p---nn---i
grc,πᾶς,,παντα,Px-p---nn---i
grc,πᾶς,,Παντα,Px-s---ma---i
grc,πᾶς,,παντα,Px-s---ma---i
grc,πᾶς,,Παντας,Px-p---ma---i
grc,πᾶς,,παντας,Px-p---ma---i
grc,πᾶς,,Παντες,Px-p---mn---i
grc,πᾶς,,παντες,Px-p---mn---i
grc,πᾶς,,Παντι,Px-s---md---i
grc,πᾶς,,παντι,Px-s---md---i
grc,πᾶς,,Παντι,Px-s---nd---i
grc,πᾶς,,παντι,Px-s---nd---i
grc,πᾶς,,Παντος,Px-s---mg---i
grc,πᾶς,,παντος,Px-s---mg---i
grc,πᾶς,,Παντος,Px-s---ng---i
grc,πᾶς,,παντος,Px-s---ng---i
grc,πᾶς,,Παντων,Px-p---mg---i
grc,πᾶς,,παντων,Px-p---mg---i
grc,πᾶς,,Παντων,Px-p---ng---i
grc,πᾶς,,παντων,Px-p---ng---i
grc,πᾶς,,Πασῃ,Px-s---fd---i
grc,πᾶς,,πασῃ,Px-s---fd---i
grc,πᾶς,,Πας,Px-s---mn---i
grc,πᾶς,,πας,Px-s---mn---i
grc,πᾶς,,Πασα,Px-s---fn---i
grc,πᾶς,,πασα,Px-s---fn---i
grc,πᾶς,,Πασαι,Px-p---fn---i
grc,πᾶς,,πασαι,Px-p---fn---i
grc,πᾶς,,Πασαις,Px-p---fd---i
grc,πᾶς,,πασαις,Px-p---fd---i
grc,πᾶς,,Πασαν,Px-s---fa---i
grc,πᾶς,,πασαν,Px-s---fa---i
grc,πᾶς,,Πασας,Px-p---fa---i
grc,πᾶς,,πασας,Px-p---fa---i
grc,πᾶς,,Πασης,Px-s---fg---i
grc,πᾶς,,πασης,Px-s---fg---i
grc,πᾶς,,Πασι,Px-p---md---i
grc,πᾶς,,πασι,Px-p---md---i
grc,πᾶς,,Πασι,Px-p---nd---i
grc,πᾶς,,πασι,Px-p---nd---i
grc,πᾶς,,Πασων,Px-p---fg---i
grc,πᾶς,,πασων,Px-p---fg---i
grc,πῶς,,Πως,Du----------n
grc,πῶς,,πως,Du----------n
grc,ἑπτάκις,,Ἑπτακις,Df----------n
grc,ἑπτάκις,,ἑπτακις,Df----------n
grc,ἑπτά,,Ἑπτα,Ma----------n
grc,ἑπτά,,ἑπτα,Ma----------n
grc,πώποτε,,Πωποτε,Df----------n
grc,πώποτε,,πωποτε,Df----------n
grc,πως,,Πως,Df----------n
grc,πως,,Πως,Df----------n
grc,ὅπως,,Ὁπως,Df----------n
grc,ὅπως,,ὁπως,Df----------n
grc,πως,,πως,Df----------n
grc,πως,,πως,Df----------n
grc,ὅπως,,Ὁπως,G-----------n
grc,ὅπως,,ὁπως,G-----------n
grc,ἄραγε,,Ἀραγε,Df----------n
grc,ἄραγε,,ἀραγε,Df----------n
grc,ἆράγε,,Ἀράγε,Df----------n
grc,ἆράγε,,ἀράγε,Df----------n
grc,ἄρα,,Ἀρα,Df----------n
grc,ἄρα,,ἀρα,Df----------n
grc,ἆρα,,Ἀρα,Df----------n
grc,ἆρα,,ἀρα,Df----------n
grc,ὀρθῶς,,Ὀρθως,Df-------p--i
grc,ὀρθῶς,,ὀρθως,Df-------p--i
grc,ἄρτι,,Ἀρτι,Df----------n
grc,ἄρτι,,ἀρτι,Df----------n
grc,ὅς,,Ἁ,Pr-p---na---i
grc,ὅς,,ἁ,Pr-p---na---i
grc,ὅς,,Ἁ,Pr-p---nn---i
grc,ὅς,,ἁ,Pr-p---nn---i
grc,ὅς,,ᾙ,Pr-s---fd---i
grc,ὅς,,ᾑ,Pr-s---fd---i
grc,ὅς,,Ἡ,Pr-s---fn---i
grc,ὅς,,ἡ,Pr-s---fn---i
grc,ὅς,,ᾩ,Pr-s---md---i
grc,ὅς,,ᾡ,Pr-s---md---i
grc,ὅς,,Ὁ,Pr-s---na---i
grc,ὅς,,ὁ,Pr-s---na---i
grc,ὅς,,ᾩ,Pr-s---nd---i
grc,ὅς,,ᾡ,Pr-s---nd---i
grc,ὅς,,Ὁ,Pr-s---nn---i
grc,ὅς,,ὁ,Pr-s---nn---i
grc,ὅς,,Αἱ,Pr-p---fn---i
grc,ὅς,,αἱ,Pr-p---fn---i
grc,Ἰσαάκ,,Ἰσαακ,Ne----------n
grc,σαβαχθάνι,,Σαβαχθανει,F-----------n
grc,σαβαχθάνι,,σαβαχθανει,F-----------n
grc,σαβαχθάνι,,Σαβαχθανι,F-----------n
grc,σαβαχθάνι,,σαβαχθανι,F-----------n
grc,Σαβαώθ,,Σαβαωθ,F-----------n
grc,Σαβαώθ,,Σαβαωθ,F-----------n
grc,Σαβαώθ,,σαβαωθ,F-----------n
grc,ὁσάκις,,Ὁσακις,Df----------n
grc,ὁσάκις,,ὁσακις,Df----------n
grc,ὡσαννά,,Ὡσαννα,I-----------n
grc,ὡσαννά,,ὡσαννα,I-----------n
grc,ὅς,,Αἱς,Pr-p---fd---i
grc,ὅς,,αἱς,Pr-p---fd---i
grc,ὡσαύτως,,Ὡσαυτως,Df----------n
grc,ὡσαύτως,,ὡσαυτως,Df----------n
grc,σεαυτοῦ,,Σεαυτῳ,Pk2s---md---i
grc,σεαυτοῦ,,Σεαυτῃ,Pk2s---md---i
grc,σεαυτοῦ,,σεαυτῳ,Pk2s---md---i
grc,σεαυτοῦ,,σεαυτῃ,Pk2s---md---i
grc,σεαυτοῦ,,Σεαυτην,Pk2s---fa---i
grc,σεαυτοῦ,,σεαυτην,Pk2s---fa---i
grc,σεαυτοῦ,,Σεαυτης,Pk2s---fg---i
grc,σεαυτοῦ,,σεαυτης,Pk2s---fg---i
grc,σεαυτοῦ,,Σεαυτον,Pk2s---ma---i
grc,σεαυτοῦ,,σεαυτον,Pk2s---ma---i
grc,σεαυτοῦ,,Σεαυτου,Pk2s---mg---i
grc,σεαυτοῦ,,σεαυτου,Pk2s---mg---i
grc,ὡσεί,,Ὡσει,Df----------n
grc,ὡσεί,,ὡσει,Df----------n
grc,σήμερον,,Σημερον,Df----------n
grc,σήμερον,,σημερον,Df----------n
grc,ὁσίως,,Ὁσιως,Df----------n
grc,ὁσίως,,ὁσιως,Df----------n
grc,Ἰσκαριώτης,,Ἰσκαριωθ,Ne----------n
grc,ἀσμένως,,Ἀσμενως,Df-------p--i
grc,ἀσμένως,,ἀσμενως,Df-------p--i
grc,ὅς,,Ὡν,Pr-p---fg---i
grc,ὅς,,ὡν,Pr-p---fg---i
grc,ὅς,,Ὡν,Pr-p---mg---i
grc,ὅς,,ὡν,Pr-p---mg---i
grc,ὅς,,Ὡν,Pr-p---ng---i
grc,ὅς,,ὡν,Pr-p---ng---i
grc,ὅς,,Ἡν,Pr-s---fa---i
grc,ὅς,,ἡν,Pr-s---fa---i
grc,ὅς,,Ὁν,Pr-s---ma---i
grc,ὅς,,ὁν,Pr-s---ma---i
grc,ὅς,,Οἱ,Pr-p---mn---i
grc,ὅς,,οἱ,Pr-p---mn---i
grc,ὅς,,Οὑ,Pr-s---mg---i
grc,ὅς,,οὑ,Pr-s---mg---i
grc,ὅς,,Οὑ,Pr-s---ng---i
grc,ὅς,,οὑ,Pr-s---ng---i
grc,Σολομών,,Σολομωνος,Ne-s---mg---i
grc,ὅς,,Οὑς,Pr-p---ma---i
grc,ὅς,,οὑς,Pr-p---ma---i
grc,ὅς,,Οἱς,Pr-p---md---i
grc,ὅς,,οἱς,Pr-p---md---i
grc,ὅς,,Οἱς,Pr-p---nd---i
grc,ὅς,,οἱς,Pr-p---nd---i
grc,ὅσος,,Ὁσῃ,Pr-s---fd---i
grc,ὅσος,,ὁσῃ,Pr-s---fd---i
grc,ὅσος,,Ὁσῳ,Pr-s---md---i
grc,ὅσος,,ὁσῳ,Pr-s---md---i
grc,ὅσος,,Ὁσῳ,Pr-s---nd---i
grc,ὅσος,,ὁσῳ,Pr-s---nd---i
grc,σός,,Σῃ,Ps2s---fd---i
grc,σός,,σῃ,Ps2s---fd---i
grc,σός,,Σῳ,Ps2s---md---i
grc,σός,,σῳ,Ps2s---md---i
grc,σός,,Σῳ,Ps2s---nd---i
grc,σός,,σῳ,Ps2s---nd---i
grc,ὅσος,,Ὁσα,Pr-p---na---i
grc,ὅσος,,ὁσα,Pr-p---na---i
grc,ὅσος,,Ὁσα,Pr-p---nn---i
grc,ὅσος,,ὁσα,Pr-p---nn---i
grc,σός,,Σα,Ps2p---na---i
grc,σός,,σα,Ps2p---na---i
grc,σός,,Σα,Ps2p---nn---i
grc,σός,,σα,Ps2p---nn---i
grc,ὅσος,,Ὁσαι,Pr-p---fn---i
grc,ὅσος,,ὁσαι,Pr-p---fn---i
grc,σός,,Σαι,Ps2p---fn---i
grc,σός,,σαι,Ps2p---fn---i
grc,ὅσος,,Ὁσαις,Pr-p---fd---i
grc,ὅσος,,ὁσαις,Pr-p---fd---i
grc,σός,,Σαις,Ps2p---fd---i
grc,σός,,σαις,Ps2p---fd---i
grc,ὅσος,,Ὁσας,Pr-p---fa---i
grc,ὅσος,,ὁσας,Pr-p---fa---i
grc,σός,,Σας,Ps2p---fa---i
grc,σός,,σας,Ps2p---fa---i
grc,ὅσος,,Ὁση,Pr-s---fn---i
grc,ὅσος,,ὁση,Pr-s---fn---i
grc,σός,,Ση,Ps2s---fn---i
grc,σός,,ση,Ps2s---fn---i
grc,ὅσος,,Ὁσην,Pr-s---fa---i
grc,ὅσος,,ὁσην,Pr-s---fa---i
grc,σός,,Σην,Ps2s---fa---i
grc,σός,,σην,Ps2s---fa---i
grc,ὅσος,,Ὁσης,Pr-s---fg---i
grc,ὅσος,,ὁσης,Pr-s---fg---i
grc,σός,,Σης,Ps2s---fg---i
grc,σός,,σης,Ps2s---fg---i
grc,ὅσος,,Ὁσοι,Pr-p---mn---i
grc,ὅσος,,ὁσοι,Pr-p---mn---i
grc,σός,,Σοι,Ps2p---mn---i
grc,σός,,σοι,Ps2p---mn---i
grc,ὅσος,,Ὁσοις,Pr-p---md---i
grc,ὅσος,,ὁσοις,Pr-p---md---i
grc,ὅσος,,Ὁσοις,Pr-p---nd---i
grc,ὅσος,,ὁσοις,Pr-p---nd---i
grc,σός,,Σοις,Ps2p---md---i
grc,σός,,σοις,Ps2p---md---i
grc,σός,,Σοις,Ps2p---nd---i
grc,σός,,σοις,Ps2p---nd---i
grc,ὅσος,,Ὁσον,Pr-s---ma---i
grc,ὅσος,,ὁσον,Pr-s---ma---i
grc,ὅσος,,Ὁσον,Pr-s---na---i
grc,ὅσος,,ὁσον,Pr-s---na---i
grc,ὅσος,,Ὁσον,Pr-s---nn---i
grc,ὅσος,,ὁσον,Pr-s---nn---i
grc,σός,,Σον,Ps2s---ma---i
grc,σός,,σον,Ps2s---ma---i
grc,σός,,Σον,Ps2s---na---i
grc,σός,,σον,Ps2s---na---i
grc,σός,,Σον,Ps2s---nn---i
grc,σός,,σον,Ps2s---nn---i
grc,ὅσος,,Ὁσος,Pr-s---mn---i
grc,ὅσος,,ὁσος,Pr-s---mn---i
grc,σός,,Σος,Ps2s---mn---i
grc,σός,,σος,Ps2s---mn---i
grc,ὅσος,,Ὁσου,Pr-s---mg---i
grc,ὅσος,,ὁσου,Pr-s---mg---i
grc,ὅσος,,Ὁσου,Pr-s---ng---i
grc,ὅσος,,ὁσου,Pr-s---ng---i
grc,σός,,Σου,Ps2s---mg---i
grc,σός,,σου,Ps2s---mg---i
grc,σός,,Σου,Ps2s---ng---i
grc,σός,,σου,Ps2s---ng---i
grc,ὅσος,,Ὁσους,Pr-p---ma---i
grc,ὅσος,,ὁσους,Pr-p---ma---i
grc,σός,,Σους,Ps2p---ma---i
grc,σός,,σους,Ps2p---ma---i
grc,ὅσος,,Ὁσων,Pr-p---fg---i
grc,ὅσος,,ὁσων,Pr-p---fg---i
grc,ὅσος,,Ὁσων,Pr-p---mg---i
grc,ὅσος,,ὁσων,Pr-p---mg---i
grc,ὅσος,,Ὁσων,Pr-p---ng---i
grc,ὅσος,,ὁσων,Pr-p---ng---i
grc,σός,,Σων,Ps2p---fg---i
grc,σός,,σων,Ps2p---fg---i
grc,σός,,Σων,Ps2p---mg---i
grc,σός,,σων,Ps2p---mg---i
grc,σός,,Σων,Ps2p---ng---i
grc,σός,,σων,Ps2p---ng---i
grc,ὡσπερεί,,Ὡσπερει,Df----------n
grc,ὡσπερεί,,ὡσπερει,Df----------n
grc,ὥσπερ,,Ὡσπερ,Df----------n
grc,ὥσπερ,,ὡσπερ,Df----------n
grc,ὥσπερ,,Ὡσπερ,G-----------n
grc,ὥσπερ,,ὡσπερ,G-----------n
grc,σπουδαίως,,Σπουδαιοτερον,Df-------c--i
grc,σπουδαίως,,σπουδαιοτερον,Df-------c--i
grc,σπουδαίως,,Σπουδαιοτερως,Df-------c--i
grc,σπουδαίως,,σπουδαιοτερως,Df-------c--i
grc,σπουδαίως,,Σπουδαιως,Df-------p--i
grc,σπουδαίως,,σπουδαιως,Df-------p--i
grc,Ἰσραήλ,,Ἰσραηλ,Ne----------n
grc,ὡς,,Ὡς,Df----------n
grc,ὡς,,ὡς,Df----------n
grc,ὡς,,Ὡς,Dq----------n
grc,ὡς,,ὡς,Dq----------n
grc,ὡς,,Ὡς,G-----------n
grc,ὡς,,ὡς,G-----------n
grc,ὅς,,Ἁς,Pr-p---fa---i
grc,ὅς,,ἁς,Pr-p---fa---i
grc,ὅς,,Ἡς,Pr-s---fg---i
grc,ὅς,,ἡς,Pr-s---fg---i
grc,ὅς,,Ὁς,Pr-s---mn---i
grc,ὅς,,ὁς,Pr-s---mn---i
grc,ἆσσον,,Ἀσσον,Df-------c--i
grc,ἆσσον,,ἀσσον,Df-------c--i
grc,ὕστερος,,Ὑστερον,Df-------c--i
grc,ὕστερος,,ὑστερον,Df-------c--i
grc,ὥστε,,Ὡστε,G-----------n
grc,ὥστε,,ὡστε,G-----------n
grc,ὅστις,,Αἱτινες,Pr-p---fn---i
grc,ὅστις,,αἱτινες,Pr-p---fn---i
grc,ὅστις,,Αἱτινές,Pr-p---fn---i
grc,ὅστις,,αἱτινές,Pr-p---fn---i
grc,ὅστις,,Ἡντινα,Pr-s---fa---i
grc,ὅστις,,ἡντινα,Pr-s---fa---i
grc,ὅστις,,Ὁντινα,Pr-s---ma---i
grc,ὅστις,,ὁντινα,Pr-s---ma---i
grc,ὅστις,,Οἱτινες,Pr-p---mn---i
grc,ὅστις,,οἱτινες,Pr-p---mn---i
grc,ὅστις,,Οἱτινές,Pr-p---mn---i
grc,ὅστις,,οἱτινές,Pr-p---mn---i
grc,ὅστις,,Ἡστινος,Pr-s---fg---i
grc,ὅστις,,ἡστινος,Pr-s---fg---i
grc,ὅστις,,Ὁστις,Pr-s---mn---i
grc,ὅστις,,ὁστις,Pr-s---mn---i
grc,ὅστις,,Ὁτῳ,Pr-s---md---i
grc,ὅστις,,ὁτῳ,Pr-s---md---i
grc,ὅστις,,Ὁτῳ,Pr-s---nd---i
grc,ὅστις,,ὁτῳ,Pr-s---nd---i
grc,ὅστις,,Ὁ τι,Pr-s---na---i
grc,ὅστις,,ὁ τι,Pr-s---na---i
grc,ὅστις,,Ὁ τι,Pr-s---nn---i
grc,ὅστις,,ὁ τι,Pr-s---nn---i
grc,ὅστις,,Ἁτινα,Pr-p---nn---i
grc,ὅστις,,ἁτινα,Pr-p---nn---i
grc,ὅστις,,Ἁτινά,Pr-p---nn---i
grc,ὅστις,,ἁτινά,Pr-p---nn---i
grc,ὅστις,,ᾙτινι,Pr-s---fd---i
grc,ὅστις,,ᾑτινι,Pr-s---fd---i
grc,ὅστις,,Ἡτις,Pr-s---fn---i
grc,ὅστις,,ἡτις,Pr-s---fn---i
grc,ὅστις,,Ὁτου,Pr-s---mg---i
grc,ὅστις,,ὁτου,Pr-s---mg---i
grc,ὅστις,,Ὁτου,Pr-s---ng---i
grc,ὅστις,,ὁτου,Pr-s---ng---i
grc,σύν,,Συν,R-----------n
grc,σύν,,συν,R-----------n
grc,συντόμως,,Συντομως,Df-------p--i
grc,συντόμως,,συντομως,Df-------p--i
grc,σύ,,Σε,Pp2s---fa---i
grc,σύ,,Σε,Pp2s---fa---i
grc,σύ,,σε,Pp2s---fa---i
grc,σύ,,σε,Pp2s---fa---i
grc,σύ,,Σε,Pp2s---ma---i
grc,σύ,,Σε,Pp2s---ma---i
grc,σύ,,σε,Pp2s---ma---i
grc,σύ,,σε,Pp2s---ma---i
grc,σύ,,Σοι,Pp2s---fd---i
grc,σύ,,Σοι,Pp2s---fd---i
grc,σύ,,σοι,Pp2s---fd---i
grc,σύ,,σοι,Pp2s---fd---i
grc,σύ,,Σοι,Pp2s---md---i
grc,σύ,,Σοι,Pp2s---md---i
grc,σύ,,σοι,Pp2s---md---i
grc,σύ,,σοι,Pp2s---md---i
grc,σύ,,Σου,Pp2s---fg---i
grc,σύ,,Σου,Pp2s---fg---i
grc,σύ,,σου,Pp2s---fg---i
grc,σύ,,σου,Pp2s---fg---i
grc,σύ,,Σου,Pp2s---mg---i
grc,σύ,,Σου,Pp2s---mg---i
grc,σύ,,σου,Pp2s---mg---i
grc,σύ,,σου,Pp2s---mg---i
grc,σύ,,Σου,Pp2s---pg---i
grc,σύ,,Σου,Pp2s---pg---i
grc,σύ,,σου,Pp2s---pg---i
grc,σύ,,σου,Pp2s---pg---i
grc,σύ,,Συ,Pp2s---fn---i
grc,σύ,,συ,Pp2s---fn---i
grc,σύ,,Συ,Pp2s---mn---i
grc,σύ,,συ,Pp2s---mn---i
grc,ἀσφαλῶς,,Ἀσφαλως,Df-------p--i
grc,ἀσφαλῶς,,ἀσφαλως,Df-------p--i
grc,σφόδρα,,Σφοδρα,Df----------n
grc,σφόδρα,,σφοδρα,Df----------n
grc,σφόδρα,,Σφοδρα,Df-------p--i
grc,σφόδρα,,σφοδρα,Df-------p--i
grc,σφοδρῶς,,Σφοδρως,Df-------p--i
grc,σφοδρῶς,,σφοδρως,Df-------p--i
grc,ἐσχάτως,,Ἐσχατως,Df-------s--i
grc,ἐσχάτως,,ἐσχατως,Df-------s--i
grc,σχεδόν,,Σχεδον,Df----------n
grc,σχεδόν,,σχεδον,Df----------n
grc,ἔσωθεν,,Ἐσωθεν,Df----------n
grc,ἔσωθεν,,ἐσωθεν,Df----------n
grc,σωματικῶς,,Σωματικως,Df-------p--i
grc,σωματικῶς,,σωματικως,Df-------p--i
grc,ἴσως,,Ἰσως,Df----------n
grc,ἴσως,,ἰσως,Df----------n
grc,ἔσω,,Ἐσω,Df----------n
grc,ἔσω,,ἐσω,Df----------n
grc,ἀσώτως,,Ἀσωτως,Df-------p--i
grc,ἀσώτως,,ἀσωτως,Df-------p--i
grc,σωφρόνως,,Σωφρονως,Df-------p--i
grc,σωφρόνως,,σωφρονως,Df-------p--i
grc,ὁ,,Τῃ,S--s---fd---i
grc,ὁ,,τῃ,S--s---fd---i
grc,ὁ,,Τῳ,S--s---md---i
grc,ὁ,,τῳ,S--s---md---i
grc,ὁ,,Τῳ,S--s---nd---i
grc,ὁ,,τῳ,S--s---nd---i
grc,ὁ,,Τα,S--p---na---i
grc,ὁ,,τα,S--p---na---i
grc,ὁ,,Τα,S--p---nn---i
grc,ὁ,,τα,S--p---nn---i
grc,ὁ,,Ταις,S--p---fd---i
grc,ὁ,,ταις,S--p---fd---i
grc,ἀτάκτως,,Ἀτακτως,Df-------p--i
grc,ἀτάκτως,,ἀτακτως,Df-------p--i
grc,ὅταν,,Ὁταν,G-----------n
grc,ὅταν,,ὁταν,G-----------n
grc,ὁ,,Τας,S--p---fa---i
grc,ὁ,,τας,S--p---fa---i
grc,τάχα,,Ταχα,Df----------n
grc,τάχα,,ταχα,Df----------n
grc,ταχέως,,Ταχεως,Df-------p--i
grc,ταχέως,,ταχεως,Df-------p--i
grc,ταχέως,,Ταχιον,Df-------c--i
grc,ταχέως,,ταχιον,Df-------c--i
grc,ταχέως,,Ταχιστα,Df-------s--i
grc,ταχέως,,ταχιστα,Df-------s--i
grc,τελείως,,Τελειως,Df-------p--i
grc,τελείως,,τελειως,Df-------p--i
grc,ἕτερος,,Ἑτερᾳ,Px-s---fd---i
grc,ἕτερος,,ἑτερᾳ,Px-s---fd---i
grc,ἕτερος,,Ἑτερῳ,Px-s---md---i
grc,ἕτερος,,ἑτερῳ,Px-s---md---i
grc,ἕτερος,,Ἑτερῳ,Px-s---nd---i
grc,ἕτερος,,ἑτερῳ,Px-s---nd---i
grc,ἕτερος,,Ἑτερα,Px-p---na---i
grc,ἕτερος,,ἑτερα,Px-p---na---i
grc,ἕτερος,,Ἑτερα,Px-p---nn---i
grc,ἕτερος,,ἑτερα,Px-p---nn---i
grc,ἕτερος,,Ἑτερα,Px-s---fn---i
grc,ἕτερος,,ἑτερα,Px-s---fn---i
grc,ἕτερος,,Ἑτεραι,Px-p---fn---i
grc,ἕτερος,,ἑτεραι,Px-p---fn---i
grc,ἕτερος,,Ἑτεραις,Px-p---fd---i
grc,ἕτερος,,ἑτεραις,Px-p---fd---i
grc,ἕτερος,,Ἑτεραν,Px-s---fa---i
grc,ἕτερος,,ἑτεραν,Px-s---fa---i
grc,ἕτερος,,Ἑτερας,Px-p---fa---i
grc,ἕτερος,,ἑτερας,Px-p---fa---i
grc,ἕτερος,,Ἑτερας,Px-s---fg---i
grc,ἕτερος,,ἑτερας,Px-s---fg---i
grc,ἕτερος,,Ἑτεροι,Px-p---mn---i
grc,ἕτερος,,ἑτεροι,Px-p---mn---i
grc,ἕτερος,,Ἑτεροις,Px-p---md---i
grc,ἕτερος,,ἑτεροις,Px-p---md---i
grc,ἕτερος,,Ἑτεροις,Px-p---nd---i
grc,ἕτερος,,ἑτεροις,Px-p---nd---i
grc,ἕτερος,,Ἑτερον,Px-s---ma---i
grc,ἕτερος,,ἑτερον,Px-s---ma---i
grc,ἕτερος,,Ἑτερον,Px-s---na---i
grc,ἕτερος,,ἑτερον,Px-s---na---i
grc,ἕτερος,,Ἑτερον,Px-s---nn---i
grc,ἕτερος,,ἑτερον,Px-s---nn---i
grc,ἕτερος,,Ἑτερος,Px-s---mn---i
grc,ἕτερος,,ἑτερος,Px-s---mn---i
grc,ἕτερος,,Ἑτερου,Px-s---mg---i
grc,ἕτερος,,ἑτερου,Px-s---mg---i
grc,ἕτερος,,Ἑτερου,Px-s---ng---i
grc,ἕτερος,,ἑτερου,Px-s---ng---i
grc,ἕτερος,,Ἑτερους,Px-p---ma---i
grc,ἕτερος,,ἑτερους,Px-p---ma---i
grc,ἕτερος,,Ἑτερων,Px-p---fg---i
grc,ἕτερος,,ἑτερων,Px-p---fg---i
grc,ἕτερος,,Ἑτερων,Px-p---mg---i
grc,ἕτερος,,ἑτερων,Px-p---mg---i
grc,ἕτερος,,Ἑτερων,Px-p---ng---i
grc,ἕτερος,,ἑτερων,Px-p---ng---i
grc,ἄτερ,,Ἀτερ,R-----------n
grc,ἄτερ,,ἀτερ,R-----------n
grc,ἑτέρως,,Ἑτερως,Df-------p--i
grc,ἑτέρως,,ἑτερως,Df-------p--i
grc,τέσσαρες,,Τεσσαρες,Ma-p---fn---i
grc,τέσσαρες,,τεσσαρες,Ma-p---fn---i
grc,τέσσαρες,,Τεσσαρες,Ma-p---mn---i
grc,τέσσαρες,,τεσσαρες,Ma-p---mn---i
grc,τέσσαρες,,Τεσσαρων,Ma-p---mg---i
grc,τέσσαρες,,Τεσσαρων,Ma-p---mg---i
grc,τέσσαρες,,τεσσαρων,Ma-p---mg---i
grc,τέσσαρες,,τεσσαρων,Ma-p---mg---i
grc,τέσσαρες,,Τεσσαρων,Ma-p---ng---i
grc,τέσσαρες,,τεσσαρων,Ma-p---ng---i
grc,τέσσαρες,,Τεσσαρων,Ma-p---qg---i
grc,τέσσαρες,,τεσσαρων,Ma-p---qg---i
grc,τεσσεράκοντα,,Τεσσαρακοντα,Ma----------n
grc,τεσσεράκοντα,,τεσσαρακοντα,Ma----------n
grc,τεσσεράκοντα,,Τεσσερακοντα,Ma----------n
grc,τεσσεράκοντα,,τεσσερακοντα,Ma----------n
grc,τέταρτος,,Τεταρτῃ,Mo-s---fd---i
grc,τέταρτος,,τεταρτῃ,Mo-s---fd---i
grc,τέταρτος,,Τεταρτῳ,Mo-s---md---i
grc,τέταρτος,,τεταρτῳ,Mo-s---md---i
grc,τέταρτος,,Τεταρτῳ,Mo-s---nd---i
grc,τέταρτος,,τεταρτῳ,Mo-s---nd---i
grc,τέταρτος,,Τεταρτα,Mo-p---na---i
grc,τέταρτος,,τεταρτα,Mo-p---na---i
grc,τέταρτος,,Τεταρτα,Mo-p---nn---i
grc,τέταρτος,,τεταρτα,Mo-p---nn---i
grc,τέταρτος,,Τεταρται,Mo-p---fn---i
grc,τέταρτος,,τεταρται,Mo-p---fn---i
grc,τέταρτος,,Τεταρταις,Mo-p---fd---i
grc,τέταρτος,,τεταρταις,Mo-p---fd---i
grc,τέταρτος,,Τεταρτας,Mo-p---fa---i
grc,τέταρτος,,τεταρτας,Mo-p---fa---i
grc,τέταρτος,,Τεταρτη,Mo-s---fn---i
grc,τέταρτος,,τεταρτη,Mo-s---fn---i
grc,τέταρτος,,Τεταρτην,Mo-s---fa---i
grc,τέταρτος,,τεταρτην,Mo-s---fa---i
grc,τέταρτος,,Τεταρτης,Mo-s---fg---i
grc,τέταρτος,,τεταρτης,Mo-s---fg---i
grc,τέταρτος,,Τεταρτοι,Mo-p---mn---i
grc,τέταρτος,,τεταρτοι,Mo-p---mn---i
grc,τέταρτος,,Τεταρτοις,Mo-p---md---i
grc,τέταρτος,,τεταρτοις,Mo-p---md---i
grc,τέταρτος,,Τεταρτοις,Mo-p---nd---i
grc,τέταρτος,,τεταρτοις,Mo-p---nd---i
grc,τέταρτος,,Τεταρτον,Mo-s---ma---i
grc,τέταρτος,,τεταρτον,Mo-s---ma---i
grc,τέταρτος,,Τεταρτον,Mo-s---na---i
grc,τέταρτος,,τεταρτον,Mo-s---na---i
grc,τέταρτος,,Τεταρτον,Mo-s---nn---i
grc,τέταρτος,,τεταρτον,Mo-s---nn---i
grc,τέταρτος,,Τεταρτος,Mo-s---mn---i
grc,τέταρτος,,τεταρτος,Mo-s---mn---i
grc,τέταρτος,,Τεταρτου,Mo-s---mg---i
grc,τέταρτος,,τεταρτου,Mo-s---mg---i
grc,τέταρτος,,Τεταρτου,Mo-s---ng---i
grc,τέταρτος,,τεταρτου,Mo-s---ng---i
grc,τέταρτος,,Τεταρτους,Mo-p---ma---i
grc,τέταρτος,,τεταρτους,Mo-p---ma---i
grc,τέταρτος,,Τεταρτων,Mo-p---fg---i
grc,τέταρτος,,τεταρτων,Mo-p---fg---i
grc,τέταρτος,,Τεταρτων,Mo-p---mg---i
grc,τέταρτος,,τεταρτων,Mo-p---mg---i
grc,τέταρτος,,Τεταρτων,Mo-p---ng---i
grc,τέταρτος,,τεταρτων,Mo-p---ng---i
grc,τε,,Τε,Df----------n
grc,τε,,Τε,Df----------n
grc,τε,,τε,Df----------n
grc,τε,,τε,Df----------n
grc,ὅτε,,Ὁτε,Dq----------n
grc,ὅτε,,ὁτε,Dq----------n
grc,ὅτε,,Ὁτε,G-----------n
grc,ὅτε,,ὁτε,G-----------n
grc,τετρακισχίλιοι,,Τετρακισχιλιοι,Ma-p---mn---i
grc,τετρακισχίλιοι,,τετρακισχιλιοι,Ma-p---mn---i
grc,τετρακισχίλιοι,,Τετρακισχιλιους,Ma-p---ma---i
grc,τετρακισχίλιοι,,τετρακισχιλιους,Ma-p---ma---i
grc,τετρακισχίλιοι,,Τετρακισχιλιων,Ma-p---mg---i
grc,τετρακισχίλιοι,,τετρακισχιλιων,Ma-p---mg---i
grc,τηλαυγῶς,,Τηλαυγως,Df-------p--i
grc,τηλαυγῶς,,τηλαυγως,Df-------p--i
grc,τηλικοῦτος,,Τηλικαυτα,Pd-p---nn---i
grc,τηλικοῦτος,,τηλικαυτα,Pd-p---nn---i
grc,τηλικοῦτος,,Τηλικαυτης,Pd-s---fg---i
grc,τηλικοῦτος,,τηλικαυτης,Pd-s---fg---i
grc,τηλικοῦτος,,Τηλικουτος,Pd-s---mn---i
grc,τηλικοῦτος,,τηλικουτος,Pd-s---mn---i
grc,τηλικοῦτος,,Τηλικουτου,Pd-s---mg---i
grc,τηλικοῦτος,,τηλικουτου,Pd-s---mg---i
grc,ὁ,,Την,S--s---fa---i
grc,ὁ,,την,S--s---fa---i
grc,ὁ,,Της,S--s---fg---i
grc,ὁ,,της,S--s---fg---i
grc,τίς,,Τι,Pi-s---na---i
grc,τίς,,τι,Pi-s---na---i
grc,τίς,,Τι,Pi-s---nn---i
grc,τίς,,τι,Pi-s---nn---i
grc,τις,,Τι,Px-s---na---i
grc,τις,,τι,Px-s---na---i
grc,τις,,Τι,Px-s---nn---i
grc,τις,,τι,Px-s---nn---i
grc,τίς,,Τινα,Pi-p---na---i
grc,τίς,,τινα,Pi-p---na---i
grc,τίς,,Τινα,Pi-p---nn---i
grc,τίς,,τινα,Pi-p---nn---i
grc,τίς,,Τινα,Pi-s---fa---i
grc,τίς,,τινα,Pi-s---fa---i
grc,τίς,,Τινα,Pi-s---ma---i
grc,τίς,,τινα,Pi-s---ma---i
grc,τις,,Τινα,Px-p---na---i
grc,τις,,Τινα,Px-p---na---i
grc,τις,,τινα,Px-p---na---i
grc,τις,,τινα,Px-p---na---i
grc,τις,,Τινα,Px-p---nn---i
grc,τις,,Τινα,Px-p---nn---i
grc,τις,,τινα,Px-p---nn---i
grc,τις,,τινα,Px-p---nn---i
grc,τις,,Τινα,Px-s---fa---i
grc,τις,,Τινα,Px-s---fa---i
grc,τις,,τινα,Px-s---fa---i
grc,τις,,τινα,Px-s---fa---i
grc,τις,,Τινα,Px-s---ma---i
grc,τις,,Τινα,Px-s---ma---i
grc,τις,,τινα,Px-s---ma---i
grc,τις,,τινα,Px-s---ma---i
grc,τίς,,Τινας,Pi-p---fa---i
grc,τίς,,τινας,Pi-p---fa---i
grc,τίς,,Τινας,Pi-p---ma---i
grc,τίς,,τινας,Pi-p---ma---i
grc,τις,,Τινας,Px-p---fa---i
grc,τις,,Τινας,Px-p---fa---i
grc,τις,,τινας,Px-p---fa---i
grc,τις,,τινας,Px-p---fa---i
grc,τις,,Τινας,Px-p---ma---i
grc,τις,,Τινας,Px-p---ma---i
grc,τις,,τινας,Px-p---ma---i
grc,τις,,τινας,Px-p---ma---i
grc,τίς,,Τινες,Pi-p---fn---i
grc,τίς,,τινες,Pi-p---fn---i
grc,τίς,,Τινες,Pi-p---mn---i
grc,τίς,,τινες,Pi-p---mn---i
grc,τις,,Τινες,Px-p---fn---i
grc,τις,,Τινες,Px-p---fn---i
grc,τις,,τινες,Px-p---fn---i
grc,τις,,τινες,Px-p---fn---i
grc,τις,,Τινες,Px-p---mn---i
grc,τις,,Τινες,Px-p---mn---i
grc,τις,,τινες,Px-p---mn---i
grc,τις,,τινες,Px-p---mn---i
grc,τίς,,Τινι,Pi-s---fd---i
grc,τίς,,τινι,Pi-s---fd---i
grc,τίς,,Τινι,Pi-s---md---i
grc,τίς,,τινι,Pi-s---md---i
grc,τίς,,Τινι,Pi-s---nd---i
grc,τίς,,τινι,Pi-s---nd---i
grc,τις,,Τινι,Px-s---fd---i
grc,τις,,Τινι,Px-s---fd---i
grc,τις,,τινι,Px-s---fd---i
grc,τις,,τινι,Px-s---fd---i
grc,τις,,Τινι,Px-s---md---i
grc,τις,,Τινι,Px-s---md---i
grc,τις,,τινι,Px-s---md---i
grc,τις,,τινι,Px-s---md---i
grc,τις,,Τινι,Px-s---nd---i
grc,τις,,Τινι,Px-s---nd---i
grc,τις,,τινι,Px-s---nd---i
grc,τις,,τινι,Px-s---nd---i
grc,τίς,,Τινος,Pi-s---fg---i
grc,τίς,,τινος,Pi-s---fg---i
grc,τίς,,Τινος,Pi-s---mg---i
grc,τίς,,τινος,Pi-s---mg---i
grc,τίς,,Τινος,Pi-s---ng---i
grc,τίς,,τινος,Pi-s---ng---i
grc,τις,,Τινος,Px-s---fg---i
grc,τις,,Τινος,Px-s---fg---i
grc,τις,,τινος,Px-s---fg---i
grc,τις,,τινος,Px-s---fg---i
grc,τις,,Τινος,Px-s---mg---i
grc,τις,,Τινος,Px-s---mg---i
grc,τις,,τινος,Px-s---mg---i
grc,τις,,τινος,Px-s---mg---i
grc,τις,,Τινος,Px-s---ng---i
grc,τις,,Τινος,Px-s---ng---i
grc,τις,,τινος,Px-s---ng---i
grc,τις,,τινος,Px-s---ng---i
grc,τίς,,Τινων,Pi-p---fg---i
grc,τίς,,τινων,Pi-p---fg---i
grc,τίς,,Τινων,Pi-p---mg---i
grc,τίς,,τινων,Pi-p---mg---i
grc,τίς,,Τινων,Pi-p---ng---i
grc,τίς,,τινων,Pi-p---ng---i
grc,τις,,Τινων,Px-p---fg---i
grc,τις,,Τινων,Px-p---fg---i
grc,τις,,τινων,Px-p---fg---i
grc,τις,,τινων,Px-p---fg---i
grc,τις,,Τινων,Px-p---mg---i
grc,τις,,Τινων,Px-p---mg---i
grc,τις,,τινων,Px-p---mg---i
grc,τις,,τινων,Px-p---mg---i
grc,τις,,Τινων,Px-p---ng---i
grc,τις,,Τινων,Px-p---ng---i
grc,τις,,τινων,Px-p---ng---i
grc,τις,,τινων,Px-p---ng---i
grc,τίς,,Τις,Pi-s---fn---i
grc,τίς,,τις,Pi-s---fn---i
grc,τίς,,Τις,Pi-s---mn---i
grc,τίς,,τις,Pi-s---mn---i
grc,τις,,Τις,Px-s---fn---i
grc,τις,,τις,Px-s---fn---i
grc,τις,,Τις,Px-s---mn---i
grc,τις,,τις,Px-s---mn---i
grc,τίς,,Τισι,Pi-p---fd---i
grc,τίς,,τισι,Pi-p---fd---i
grc,τίς,,Τισι,Pi-p---md---i
grc,τίς,,τισι,Pi-p---md---i
grc,τίς,,Τισι,Pi-p---nd---i
grc,τίς,,τισι,Pi-p---nd---i
grc,τις,,Τισι,Px-p---fd---i
grc,τις,,Τισι,Px-p---fd---i
grc,τις,,τισι,Px-p---fd---i
grc,τις,,τισι,Px-p---fd---i
grc,τις,,Τισι,Px-p---md---i
grc,τις,,Τισι,Px-p---md---i
grc,τις,,τισι,Px-p---md---i
grc,τις,,τισι,Px-p---md---i
grc,τις,,Τισι,Px-p---nd---i
grc,τις,,Τισι,Px-p---nd---i
grc,τις,,τισι,Px-p---nd---i
grc,τις,,τισι,Px-p---nd---i
grc,τίς,,Τισιν,Pi-p---fd---i
grc,τίς,,τισιν,Pi-p---fd---i
grc,τίς,,Τισιν,Pi-p---md---i
grc,τίς,,τισιν,Pi-p---md---i
grc,τίς,,Τισιν,Pi-p---nd---i
grc,τίς,,τισιν,Pi-p---nd---i
grc,τις,,Τισιν,Px-p---fd---i
grc,τις,,Τισιν,Px-p---fd---i
grc,τις,,τισιν,Px-p---fd---i
grc,τις,,τισιν,Px-p---fd---i
grc,τις,,Τισιν,Px-p---md---i
grc,τις,,Τισιν,Px-p---md---i
grc,τις,,τισιν,Px-p---md---i
grc,τις,,τισιν,Px-p---md---i
grc,τις,,Τισιν,Px-p---nd---i
grc,τις,,Τισιν,Px-p---nd---i
grc,τις,,τισιν,Px-p---nd---i
grc,τις,,τισιν,Px-p---nd---i
grc,ἔτι,,Ἐτι,Df----------n
grc,ἔτι,,ἐτι,Df----------n
grc,τί,,Τι,Df----------n
grc,τί,,τι,Df----------n
grc,ὅτι,,Ὁτι,Du----------n
grc,ὅτι,,ὁτι,Du----------n
grc,ὅτι,,Ὁτι,G-----------n
grc,ὅτι,,ὁτι,G-----------n
grc,ὁ,,Το,S--s---na---i
grc,ὁ,,το,S--s---na---i
grc,ὁ,,Το,S--s---nn---i
grc,ὁ,,το,S--s---nn---i
grc,ὁ,,Το,S--s---nv---i
grc,ὁ,,το,S--s---nv---i
grc,τοιγαροῦν,,Τοιγαρουν,Df----------n
grc,τοιγαροῦν,,τοιγαρουν,Df----------n
grc,ἑτοίμως,,Ἑτοιμως,Df-------p--i
grc,ἑτοίμως,,ἑτοιμως,Df-------p--i
grc,τοίνυν,,Τοινυν,Df----------n
grc,τοίνυν,,τοινυν,Df----------n
grc,τοιόσδε,,Τοιασδε,Pd-s---fg---i
grc,τοιόσδε,,τοιασδε,Pd-s---fg---i
grc,τοιοῦτος,,Τοιαυτα,Pd-p---na---i
grc,τοιοῦτος,,τοιαυτα,Pd-p---na---i
grc,τοιοῦτος,,Τοιαυτα,Pd-p---nn---i
grc,τοιοῦτος,,τοιαυτα,Pd-p---nn---i
grc,τοιοῦτος,,Τοιαυται,Pd-p---fn---i
grc,τοιοῦτος,,τοιαυται,Pd-p---fn---i
grc,τοιοῦτος,,Τοιαυταις,Pd-p---fd---i
grc,τοιοῦτος,,τοιαυταις,Pd-p---fd---i
grc,τοιοῦτος,,Τοιαυτας,Pd-p---fa---i
grc,τοιοῦτος,,τοιαυτας,Pd-p---fa---i
grc,τοιοῦτος,,Τοιαυτη,Pd-s---fn---i
grc,τοιοῦτος,,τοιαυτη,Pd-s---fn---i
grc,τοιοῦτος,,Τοιαυτην,Pd-s---fa---i
grc,τοιοῦτος,,τοιαυτην,Pd-s---fa---i
grc,τοιοῦτος,,Τοιαυτης,Pd-s---fg---i
grc,τοιοῦτος,,τοιαυτης,Pd-s---fg---i
grc,τοιοῦτος,,Τοιουτῃ,Pd-s---fd---i
grc,τοιοῦτος,,τοιουτῃ,Pd-s---fd---i
grc,τοιοῦτος,,Τοιουτῳ,Pd-s---md---i
grc,τοιοῦτος,,τοιουτῳ,Pd-s---md---i
grc,τοιοῦτος,,Τοιουτῳ,Pd-s---nd---i
grc,τοιοῦτος,,τοιουτῳ,Pd-s---nd---i
grc,τοιοῦτος,,Τοιουτο,Pd-s---na---i
grc,τοιοῦτος,,τοιουτο,Pd-s---na---i
grc,τοιοῦτος,,Τοιουτο,Pd-s---nn---i
grc,τοιοῦτος,,τοιουτο,Pd-s---nn---i
grc,τοιοῦτος,,Τοιουτοι,Pd-p---mn---i
grc,τοιοῦτος,,τοιουτοι,Pd-p---mn---i
grc,τοιοῦτος,,Τοιουτοις,Pd-p---md---i
grc,τοιοῦτος,,τοιουτοις,Pd-p---md---i
grc,τοιοῦτος,,Τοιουτοις,Pd-p---nd---i
grc,τοιοῦτος,,τοιουτοις,Pd-p---nd---i
grc,τοιοῦτος,,Τοιουτον,Pd-s---ma---i
grc,τοιοῦτος,,τοιουτον,Pd-s---ma---i
grc,τοιοῦτος,,Τοιουτος,Pd-s---mn---i
grc,τοιοῦτος,,τοιουτος,Pd-s---mn---i
grc,τοιοῦτος,,Τοιουτου,Pd-s---mg---i
grc,τοιοῦτος,,τοιουτου,Pd-s---mg---i
grc,τοιοῦτος,,Τοιουτου,Pd-s---ng---i
grc,τοιοῦτος,,τοιουτου,Pd-s---ng---i
grc,τοιοῦτος,,Τοιουτους,Pd-p---ma---i
grc,τοιοῦτος,,τοιουτους,Pd-p---ma---i
grc,τοιοῦτος,,Τοιουτων,Pd-p---ng---i
grc,τοιοῦτος,,τοιουτων,Pd-p---ng---i
grc,ὁ,,Τοις,S--p---md---i
grc,ὁ,,τοις,S--p---md---i
grc,ὁ,,Τοις,S--p---nd---i
grc,ὁ,,τοις,S--p---nd---i
grc,ἤτοι,,Ἠτοι,C-----------n
grc,ἤτοι,,ἠτοι,C-----------n
grc,τολμηρότερον,,Τολμηροτερον,Df-------c--i
grc,τολμηρότερον,,τολμηροτερον,Df-------c--i
grc,ὁ,,Τον,S--s---ma---i
grc,ὁ,,τον,S--s---ma---i
grc,τοσοῦτος,,Τοσαυτα,Pd-p---na---i
grc,τοσοῦτος,,τοσαυτα,Pd-p---na---i
grc,τοσοῦτος,,Τοσαυτα,Pd-p---nn---i
grc,τοσοῦτος,,τοσαυτα,Pd-p---nn---i
grc,τοσοῦτος,,Τοσαυτην,Pd-s---fa---i
grc,τοσοῦτος,,τοσαυτην,Pd-s---fa---i
grc,τοσοῦτος,,Τοσουτῳ,Pd-s---md---i
grc,τοσοῦτος,,τοσουτῳ,Pd-s---md---i
grc,τοσοῦτος,,Τοσουτῳ,Pd-s---nd---i
grc,τοσοῦτος,,τοσουτῳ,Pd-s---nd---i
grc,τοσοῦτος,,Τοσουτο,Pd-s---na---i
grc,τοσοῦτος,,τοσουτο,Pd-s---na---i
grc,τοσοῦτος,,Τοσουτοι,Pd-p---mn---i
grc,τοσοῦτος,,τοσουτοι,Pd-p---mn---i
grc,τοσοῦτος,,Τοσουτον,Pd-s---ma---i
grc,τοσοῦτος,,τοσουτον,Pd-s---ma---i
grc,τοσοῦτος,,Τοσουτον,Pd-s---na---i
grc,τοσοῦτος,,τοσουτον,Pd-s---na---i
grc,τοσοῦτος,,Τοσουτος,Pd-s---mn---i
grc,τοσοῦτος,,τοσουτος,Pd-s---mn---i
grc,τοσοῦτος,,Τοσουτου,Pd-s---ng---i
grc,τοσοῦτος,,τοσουτου,Pd-s---ng---i
grc,τοσοῦτος,,Τοσουτους,Pd-p---ma---i
grc,τοσοῦτος,,τοσουτους,Pd-p---ma---i
grc,τοσοῦτος,,Τοσουτων,Pd-p---mg---i
grc,τοσοῦτος,,τοσουτων,Pd-p---mg---i
grc,τότε,,Τοτε,Df----------n
grc,τότε,,τοτε,Df----------n
grc,ὁ,,Του,S--s---mg---i
grc,ὁ,,του,S--s---mg---i
grc,ὁ,,Του,S--s---ng---i
grc,ὁ,,του,S--s---ng---i
grc,ὁ,,Τους,S--p---ma---i
grc,ὁ,,τους,S--p---ma---i
grc,τρεῖς,,Τρεις,Ma-p---fa---i
grc,τρεῖς,,τρεις,Ma-p---fa---i
grc,τρεῖς,,Τρεις,Ma-p---fn---i
grc,τρεῖς,,τρεις,Ma-p---fn---i
grc,τρεῖς,,Τρεις,Ma-p---ma---i
grc,τρεῖς,,Τρεις,Ma-p---ma---i
grc,τρεῖς,,τρεις,Ma-p---ma---i
grc,τρεῖς,,τρεις,Ma-p---ma---i
grc,τρεῖς,,Τρεις,Ma-p---pa---i
grc,τρεῖς,,Τρεις,Ma-p---pa---i
grc,τρεῖς,,τρεις,Ma-p---pa---i
grc,τρεῖς,,τρεις,Ma-p---pa---i
grc,τρεῖς,,Τρια,Ma-p---na---i
grc,τρεῖς,,τρια,Ma-p---na---i
grc,τρεῖς,,Τρια,Ma-p---nn---i
grc,τρεῖς,,τρια,Ma-p---nn---i
grc,τρεῖς,,Τρισι,Ma-p---fd---i
grc,τρεῖς,,τρισι,Ma-p---fd---i
grc,τρεῖς,,Τρισι,Ma-p---md---i
grc,τρεῖς,,τρισι,Ma-p---md---i
grc,τρεῖς,,Τρισι,Ma-p---nd---i
grc,τρεῖς,,τρισι,Ma-p---nd---i
grc,τρεῖς,,Τρισιν,Ma-p---fd---i
grc,τρεῖς,,τρισιν,Ma-p---fd---i
grc,τρεῖς,,Τρισιν,Ma-p---md---i
grc,τρεῖς,,τρισιν,Ma-p---md---i
grc,τρεῖς,,Τρισιν,Ma-p---nd---i
grc,τρεῖς,,τρισιν,Ma-p---nd---i
grc,τριάκοντα,,Τριακοντα,Ma----------n
grc,τριάκοντα,,τριακοντα,Ma----------n
grc,τρίς,,Τρις,Df----------n
grc,τρίς,,τρις,Df----------n
grc,τρίτον,,Τριτον,Df----------n
grc,τρίτον,,τριτον,Df----------n
grc,τρίτος,,Τριτῃ,Mo-s---fd---i
grc,τρίτος,,τριτῃ,Mo-s---fd---i
grc,τρίτος,,Τριτῳ,Mo-s---md---i
grc,τρίτος,,τριτῳ,Mo-s---md---i
grc,τρίτος,,Τριτῳ,Mo-s---nd---i
grc,τρίτος,,τριτῳ,Mo-s---nd---i
grc,τρίτος,,Τριτα,Mo-p---na---i
grc,τρίτος,,τριτα,Mo-p---na---i
grc,τρίτος,,Τριτα,Mo-p---nn---i
grc,τρίτος,,τριτα,Mo-p---nn---i
grc,τρίτος,,Τριται,Mo-p---fn---i
grc,τρίτος,,τριται,Mo-p---fn---i
grc,τρίτος,,Τριταις,Mo-p---fd---i
grc,τρίτος,,τριταις,Mo-p---fd---i
grc,τρίτος,,Τριτας,Mo-p---fa---i
grc,τρίτος,,τριτας,Mo-p---fa---i
grc,τρίτος,,Τριτη,Mo-s---fn---i
grc,τρίτος,,τριτη,Mo-s---fn---i
grc,τρίτος,,Τριτην,Mo-s---fa---i
grc,τρίτος,,τριτην,Mo-s---fa---i
grc,τρίτος,,Τριτης,Mo-s---fg---i
grc,τρίτος,,τριτης,Mo-s---fg---i
grc,τρίτος,,Τριτοι,Mo-p---mn---i
grc,τρίτος,,τριτοι,Mo-p---mn---i
grc,τρίτος,,Τριτοις,Mo-p---md---i
grc,τρίτος,,τριτοις,Mo-p---md---i
grc,τρίτος,,Τριτοις,Mo-p---nd---i
grc,τρίτος,,τριτοις,Mo-p---nd---i
grc,τρίτος,,Τριτον,Mo-s---ma---i
grc,τρίτος,,τριτον,Mo-s---ma---i
grc,τρίτος,,Τριτον,Mo-s---na---i
grc,τρίτος,,τριτον,Mo-s---na---i
grc,τρίτος,,Τριτον,Mo-s---nn---i
grc,τρίτος,,τριτον,Mo-s---nn---i
grc,τρίτος,,Τριτος,Mo-s---mn---i
grc,τρίτος,,τριτος,Mo-s---mn---i
grc,τρίτος,,Τριτου,Mo-s---mg---i
grc,τρίτος,,τριτου,Mo-s---mg---i
grc,τρίτος,,Τριτου,Mo-s---ng---i
grc,τρίτος,,τριτου,Mo-s---ng---i
grc,τρίτος,,Τριτους,Mo-p---ma---i
grc,τρίτος,,τριτους,Mo-p---ma---i
grc,τρίτος,,Τριτων,Mo-p---fg---i
grc,τρίτος,,τριτων,Mo-p---fg---i
grc,τρίτος,,Τριτων,Mo-p---mg---i
grc,τρίτος,,τριτων,Mo-p---mg---i
grc,τρίτος,,Τριτων,Mo-p---ng---i
grc,τρίτος,,τριτων,Mo-p---ng---i
grc,τυπικῶς,,Τυπικως,Df-------p--i
grc,τυπικῶς,,τυπικως,Df-------p--i
grc,ὁ,,Των,S--p---fg---i
grc,ὁ,,των,S--p---fg---i
grc,ὁ,,Των,S--p---mg---i
grc,ὁ,,των,S--p---mg---i
grc,ὁ,,Των,S--p---ng---i
grc,ὁ,,των,S--p---ng---i
grc,φανερῶς,,Φανερως,Df-------p--i
grc,φανερῶς,,φανερως,Df-------p--i
grc,ἐφάπαξ,,Ἐφαπαξ,Df----------n
grc,ἐφάπαξ,,ἐφαπαξ,Df----------n
grc,φειδομένως,,Φειδομενως,Df-------p--i
grc,φειδομένως,,φειδομενως,Df-------p--i
grc,φιλανθρώπως,,Φιλανθρωπως,Df-------p--i
grc,φιλανθρώπως,,φιλανθρωπως,Df-------p--i
grc,φιλοφρόνως,,Φιλοφρονως,Df-------p--i
grc,φιλοφρόνως,,φιλοφρονως,Df-------p--i
grc,ἄφνω,,Ἀφνω,Df----------n
grc,ἄφνω,,ἀφνω,Df----------n
grc,ἀφόβως,,Ἀφοβως,Df-------p--i
grc,ἀφόβως,,ἀφοβως,Df-------p--i
grc,φρονίμως,,Φρονιμως,Df-------p--i
grc,φρονίμως,,φρονιμως,Df-------p--i
grc,φυσικῶς,,Φυσικως,Df-------p--i
grc,φυσικῶς,,φυσικως,Df-------p--i
grc,ἐφφαθά,,Ἐφφαθα,F-----------n
grc,ἐφφαθά,,ἐφφαθα,F-----------n
grc,χαμαί,,Χαμαι,Df----------n
grc,χαμαί,,χαμαι,Df----------n
grc,χάριν,,Χαριν,R-----------n
grc,χάριν,,χαριν,R-----------n
grc,ἐχθές,,Ἐχθες,Df----------n
grc,ἐχθές,,ἐχθες,Df----------n
grc,Χριστός,,Χριστῳ,Ne-s---md---i
grc,Χριστός,,Χριστε,Ne-s---mv---i
grc,Χριστός,,Χριστον,Ne-s---ma---i
grc,Χριστός,,Χριστον,Ne-s---ma---i
grc,Χριστός,,Χριστος,Ne-s---mn---i
grc,Χριστός,,Χριστος,Ne-s---mn---i
grc,Χριστός,,Χριστου,Ne-s---mg---i
grc,ἄχρι,,Ἀχρι,R-----------n
grc,ἄχρι,,ἀχρι,R-----------n
grc,ἄχρι,,Ἀχρις,R-----------n
grc,ἄχρι,,ἀχρις,R-----------n
grc,χωρίς,,Χωρις,R-----------n
grc,χωρίς,,χωρις,R-----------n
grc,ὀψέ,,Ὀψε,Df----------n
grc,ὀψέ,,ὀψε,Df----------n
grc,Ῥωμαϊστί,,Ῥωμαϊστι,Df-------p--i
grc,Ἰωνᾶς,,Ἰωνα,Ne-s---mg---i
grc,Ἰωνᾶς,,Ἰωνας,Ne-s---mn---i
grc,Ἰωσήφ,,Ἰωσηφ,Ne----------n
grc,ἕως,,Ἑως,G-----------n
grc,ἕως,,ἑως,G-----------n
grc,ἕως,,Ἑως,R-----------n
grc,ἕως,,ἑως,R-----------n
